market,timeframe,period_yrs,algorithm,model_id,is_valid_sample,exclusion_reason,win_rate,total_trades,net_profit_pct,cagr,sharpe_ratio,sortino_ratio,profit_factor,has_zero_losses,recovery_factor,expectancy,avg_win,avg_loss,risk_reward,max_drawdown_pct,avg_holding_bars,exposure_pct,max_consec_wins,max_consec_losses,robustness_score
NQ1!,3h,1,AlgorithmA,0,False,"insufficient_trades (n=3, min=10) div_by_zero_guard",1.0,3,5.49188644809059,29.754208711287415,0.0,0.0,inf (no losses),True,0.0,1.8306288160301964,1.8306288160301964,0.0,0.0,0.0,33.333333333333336,5.0352467270896275,3,0,0.0
NQ1!,3h,1,AlgorithmA,1,True,,0.75,12,18.262592729969747,30.80020089220414,1.7247872578000913,9.468730716106924,4.087386366875563,False,7.522940119862243,1.521882727497479,2.6864244696188413,-1.9717424988666066,1.3624621222918545,-2.42758714531735,38.0,22.9607250755287,4,1,75.97
NQ1!,3h,1,AlgorithmA,2,True,,0.6666666666666666,12,8.265350003380082,3.8467236378203777,2.4518287880370533,7.308072988529128,3.053309187641253,False,4.998959640780443,0.6887791669483401,1.5363412665935243,-1.0063450323420282,1.5266545938206264,-1.6534140295819004,11.416666666666666,6.89828801611279,4,2,79.47
NQ1!,3h,1,AlgorithmA,3,True,,0.75,12,18.262592729969747,30.80020089220414,1.7247872578000913,9.468730716106924,4.087386366875563,False,7.522940119862243,1.521882727497479,2.6864244696188413,-1.9717424988666066,1.3624621222918545,-2.42758714531735,38.0,22.9607250755287,4,1,75.97
NQ1!,3h,1,AlgorithmB,0,False,"insufficient_trades (n=6, min=10)",0.3333333333333333,6,-4.134491608150286,-0.7858742747921524,-1.2176667985835627,-5.583575580328062,0.5189474387330013,False,-0.5900343946348393,-0.6890819346917145,2.2300929287868554,-2.1486693664309993,1.0378948774660026,-7.007204403243376,15.333333333333334,4.632426988922457,2,3,0.0
NQ1!,3h,1,AlgorithmB,1,True,,0.2222222222222222,18,-12.039702961400952,-0.8034738584659369,-2.157329013400128,-6.943936848048584,0.3829818079120204,False,-1.0429189527889804,-0.6688723867444974,1.868254156039361,-1.3937656846827426,1.3404363276920714,-11.544236423361857,11.055555555555555,10.020140986908359,2,5,30.26
NQ1!,3h,1,AlgorithmB,2,True,,0.36,75,-9.731112697086859,-0.2857629645458907,-0.7606366682475177,-2.9115741148026224,0.7704409374211205,False,-1.008243672765854,-0.12974816929449146,1.209605203521347,-0.8831344415034005,1.3696727776375477,-9.651548489654378,6.573333333333333,24.823766364551865,3,8,37.21
NQ1!,3h,1,AlgorithmB,3,True,,0.3125,16,-12.615024471376472,-0.8553595776465635,-1.1621669435549675,-3.38739433943398,0.4698078027563221,False,-1.031597495474189,-0.7884390294610293,2.2356560354624433,-2.163027695335335,1.0335771660639086,-12.228630378341302,23.125,18.63041289023162,2,4,32.32
NQ1!,3h,1,AlgorithmC,0,True,,0.6,15,1.197690885879112,0.19297301649124265,0.4328981383996542,2.8241517943325904,1.1812228146170787,False,0.29730344454281205,0.07984605905860748,0.8674035405584211,-1.101490163191113,0.7874818764113857,-4.028513318171943,7.8,5.8912386706948645,5,4,52.73
NQ1!,3h,1,AlgorithmC,1,True,,0.4594594594594595,37,-4.149562555123144,-0.2528265765364359,-0.475639123947396,-1.8375133856102308,0.8144795217852444,False,-0.589007193767835,-0.1121503393276525,1.071622217233655,-1.118357012404764,0.9582112021002874,-7.045011672232223,10.378378378378379,19.335347432024168,4,5,42.0
NQ1!,3h,1,AlgorithmC,2,True,,0.3956043956043956,91,-15.495168194265133,-0.348375082476965,-4.445232131216051,-6.893869130093588,0.4265359315754242,False,-0.9152611420682879,-0.17027657356335313,0.32014240611329964,-0.4912780875335258,0.6516521176846758,-16.92977826989298,1.3076923076923077,5.991943605236657,3,11,30.16
NQ1!,3h,1,AlgorithmC,3,False,"insufficient_trades (n=4, min=10)",0.5,4,-1.8051978579765382,-0.6019406078080725,0.0,0.0,0.35340381213585514,False,-0.7468133560605669,-0.4512994644941346,0.49332474938935933,-1.3959236783776285,0.35340381213585514,-2.4172008217674885,11.75,2.3665659617321246,1,1,0.0
NQ1!,3h,2,AlgorithmA,0,True,,0.8181818181818182,11,9.53525193499037,6.2264853479279925,3.190534885600385,11.30332924592003,4.2796635253953434,False,5.604822731004206,0.8668410849991246,1.3825154655737142,-1.4536936275865298,0.951036338976743,-1.7012584327144198,12.090909090909092,3.335005015045135,5,1,86.72
NQ1!,3h,2,AlgorithmA,1,True,,0.8181818181818182,11,9.53525193499037,6.2264853479279925,3.190534885600385,11.30332924592003,4.2796635253953434,False,5.604822731004206,0.8668410849991246,1.3825154655737142,-1.4536936275865298,0.951036338976743,-1.7012584327144198,12.090909090909092,3.335005015045135,5,1,86.72
NQ1!,3h,2,AlgorithmA,2,True,,0.8181818181818182,11,9.53525193499037,6.2264853479279925,3.190534885600385,11.30332924592003,4.2796635253953434,False,5.604822731004206,0.8668410849991246,1.3825154655737142,-1.4536936275865298,0.951036338976743,-1.7012584327144198,12.090909090909092,3.335005015045135,5,1,86.72
NQ1!,3h,2,AlgorithmA,3,True,,0.8181818181818182,11,9.53525193499037,6.2264853479279925,3.190534885600385,11.30332924592003,4.2796635253953434,False,5.604822731004206,0.8668410849991246,1.3825154655737142,-1.4536936275865298,0.951036338976743,-1.7012584327144198,12.090909090909092,3.335005015045135,5,1,86.72
NQ1!,3h,2,AlgorithmB,0,True,,0.8571428571428571,14,14.028199057053406,9.11395680821071,1.8677437523041622,1.9348707885189123,3.9557120328939845,False,3.9768467800742324,1.002014218360957,1.5645275766678113,-2.3730659314801668,0.6592853388156641,-3.5274678238399604,25.357142857142858,8.901705115346038,7,1,78.58
NQ1!,3h,2,AlgorithmB,1,True,,0.8571428571428571,14,14.028199057053406,9.11395680821071,1.8677437523041622,1.9348707885189123,3.9557120328939845,False,3.9768467800742324,1.002014218360957,1.5645275766678113,-2.3730659314801668,0.6592853388156641,-3.5274678238399604,25.357142857142858,8.901705115346038,7,1,78.58
NQ1!,3h,2,AlgorithmB,2,True,,0.8571428571428571,14,14.028199057053406,9.11395680821071,1.8677437523041622,1.9348707885189123,3.9557120328939845,False,3.9768467800742324,1.002014218360957,1.5645275766678113,-2.3730659314801668,0.6592853388156641,-3.5274678238399604,25.357142857142858,8.901705115346038,7,1,78.58
NQ1!,3h,2,AlgorithmB,3,True,,0.8571428571428571,14,14.028199057053406,9.11395680821071,1.8677437523041622,1.9348707885189123,3.9557120328939845,False,3.9768467800742324,1.002014218360957,1.5645275766678113,-2.3730659314801668,0.6592853388156641,-3.5274678238399604,25.357142857142858,8.901705115346038,7,1,78.58
NQ1!,3h,2,AlgorithmC,0,True,,0.6153846153846154,26,5.16965218451912,0.5831106735933596,0.7033244456544852,1.6498536988284778,1.3696072620280033,False,1.3737421842443214,0.1988327763276586,1.1972832215245877,-1.398687935987428,0.8560045387675019,-3.7631895153331714,10.384615384615385,6.770310932798395,5,3,56.13
NQ1!,3h,2,AlgorithmC,1,True,,0.47692307692307695,65,-6.1846905415507365,-0.2251707148195563,-0.3846583395813715,-1.2695728365481487,0.8495121316777098,False,-0.6263670314199873,-0.0951490852546264,1.1262229552912535,-1.20875300457587,0.9317229831303915,-9.873908158176704,10.0,16.29889669007021,4,5,40.25
NQ1!,3h,2,AlgorithmC,2,True,,0.4069767441860465,172,-17.594355037084178,-0.22880141550244193,-2.7856671730285987,-4.1441088602774645,0.5890415354075828,False,-0.9740069027099817,-0.10229276184351266,0.36026601916115003,-0.4197350625329871,0.8583176658796206,-18.06389152698134,1.25,5.3911735205616855,4,11,30.36
NQ1!,3h,2,AlgorithmC,3,True,,0.75,12,-0.04373293105704856,-0.016320677195740596,-0.02799696864130046,-0.043032418775382886,0.9892763714730196,False,-0.015038948199595363,-0.003644410921420649,0.44827234903792174,-1.3593946907994479,0.32975879049100654,-2.9079780365375045,5.75,1.7301905717151456,5,2,53.35
NQ1!,4h,1,AlgorithmA,0,False,"insufficient_trades (n=3, min=10)",0.6666666666666666,3,5.2540878731504925,24.33269486670236,0.0,0.0,4.560254208620434,False,3.560254208620428,1.7513626243834972,3.3649249368179794,-1.4757620004854661,2.280127104310217,-1.4757620004854688,21.0,4.093567251461988,2,1,0.0
NQ1!,4h,1,AlgorithmA,1,False,"insufficient_trades (n=2, min=10) div_by_zero_guard",1.0,2,4.087757394174001,28.841514498245555,0.0,0.0,inf (no losses),True,0.0,2.0438786970870004,2.0438786970870004,0.0,0.0,0.0,13.0,1.6894087069525665,2,0,0.0
NQ1!,4h,1,AlgorithmA,2,False,"insufficient_trades (n=4, min=10)",0.5,4,1.448717214482809,1.0248824748104441,0.0,0.0,1.6458392098392947,False,1.1389538851749803,0.36217930362070216,1.8459359227804342,-1.1215773155390298,1.6458392098392947,-1.2719717921329527,11.75,3.0539311241065628,1,1,0.0
NQ1!,4h,1,AlgorithmA,3,True,,0.9130434782608695,23,14.379386641162336,3.46965928257871,4.301839681694951,3.6707480970581026,5.168423360270758,False,5.9757190442587556,0.625190723528797,0.8489992886688315,-1.7247992104415626,0.4922307962162626,-2.40630232691035,7.869565217391305,11.760883690708251,10,1,88.41
NQ1!,4h,1,AlgorithmB,0,False,"insufficient_trades (n=4, min=10)",0.5,4,1.0012474950706187,0.5643788795047837,0.0,0.0,1.2391370835096995,False,0.38782104334033746,0.2503118737676546,2.594083031172527,-2.093459283637218,1.2391370835096995,-2.5817255465221387,23.0,5.977907732293697,2,1,0.0
NQ1!,4h,1,AlgorithmB,1,True,,0.42857142857142855,14,4.388074692911978,1.0105080299239706,0.8885245330335252,4.551526965331757,1.461521086295378,False,0.7140486697652458,0.3134339066365701,2.315987966158142,-1.188481638004609,1.948694781727171,-6.145343978239779,9.0,8.187134502923977,5,6,51.38
NQ1!,4h,1,AlgorithmB,2,True,,0.42857142857142855,14,4.388074692911978,1.0105080299239706,0.8885245330335252,4.551526965331757,1.461521086295378,False,0.7140486697652458,0.3134339066365701,2.315987966158142,-1.188481638004609,1.948694781727171,-6.145343978239779,9.0,8.187134502923977,5,6,51.38
NQ1!,4h,1,AlgorithmB,3,True,,0.42857142857142855,14,4.388074692911978,1.0105080299239706,0.8885245330335252,4.551526965331757,1.461521086295378,False,0.7140486697652458,0.3134339066365701,2.315987966158142,-1.188481638004609,1.948694781727171,-6.145343978239779,9.0,8.187134502923977,5,6,51.38
NQ1!,4h,1,AlgorithmC,0,True,,0.8,10,3.6052414003214417,1.256649288650383,2.6398829757023954,5.032078864173155,2.195870871767137,False,1.915299820279629,0.3605241400321443,0.8274978473382751,-1.5073706891923797,0.5489677179417842,-1.8823378784607652,4.6,2.9889538661468484,6,1,79.44
NQ1!,4h,1,AlgorithmC,1,True,,0.8,10,3.6052414003214417,1.256649288650383,2.6398829757023954,5.032078864173155,2.195870871767137,False,1.915299820279629,0.3605241400321443,0.8274978473382751,-1.5073706891923797,0.5489677179417842,-1.8823378784607652,4.6,2.9889538661468484,6,1,79.44
NQ1!,4h,1,AlgorithmC,2,True,,0.8,10,3.6052414003214417,1.256649288650383,2.6398829757023954,5.032078864173155,2.195870871767137,False,1.915299820279629,0.3605241400321443,0.8274978473382751,-1.5073706891923797,0.5489677179417842,-1.8823378784607652,4.6,2.9889538661468484,6,1,79.44
NQ1!,4h,1,AlgorithmC,3,False,"insufficient_trades (n=4, min=10)",0.75,4,0.5949084360760681,0.34291041181611415,0.0,0.0,1.5724269938204347,False,0.5724269938204384,0.14872710901901703,0.5447274463736829,-1.0392739030449805,0.5241423312734782,-1.0392739030449738,2.25,0.5847953216374269,3,1,0.0
NQ1!,4h,2,AlgorithmA,0,True,,0.7307692307692307,26,34.790236062933324,23.196431762560366,2.9219276096022466,14.156891332069076,4.657007982419957,False,8.302937743052574,1.3380860024205123,2.3317653729095844,-1.3590437174783967,1.7157397829968262,-4.190111637539835,15.346153846153847,12.887596899224807,6,3,82.02
NQ1!,4h,2,AlgorithmA,1,True,,0.7307692307692307,26,34.790236062933324,23.196431762560366,2.9219276096022466,14.156891332069076,4.657007982419957,False,8.302937743052574,1.3380860024205123,2.3317653729095844,-1.3590437174783967,1.7157397829968262,-4.190111637539835,15.346153846153847,12.887596899224807,6,3,82.02
NQ1!,4h,2,AlgorithmA,2,True,,0.7307692307692307,26,34.790236062933324,23.196431762560366,2.9219276096022466,14.156891332069076,4.657007982419957,False,8.302937743052574,1.3380860024205123,2.3317653729095844,-1.3590437174783967,1.7157397829968262,-4.190111637539835,15.346153846153847,12.887596899224807,6,3,82.02
NQ1!,4h,2,AlgorithmA,3,True,,0.7307692307692307,26,34.790236062933324,23.196431762560366,2.9219276096022466,14.156891332069076,4.657007982419957,False,8.302937743052574,1.3380860024205123,2.3317653729095844,-1.3590437174783967,1.7157397829968262,-4.190111637539835,15.346153846153847,12.887596899224807,6,3,82.02
NQ1!,4h,2,AlgorithmB,0,True,,0.4444444444444444,27,14.818780184630722,2.641769592163326,1.7221760382515252,12.334875319162684,2.0056237125844474,False,2.8113528128136576,0.5488437105418787,2.4628908207200566,-0.9823939776006635,2.5070296407305594,-5.271049623188273,7.851851851851852,6.847545219638243,3,6,60.95
NQ1!,4h,2,AlgorithmB,1,True,,0.4444444444444444,27,14.818780184630722,2.641769592163326,1.7221760382515252,12.334875319162684,2.0056237125844474,False,2.8113528128136576,0.5488437105418787,2.4628908207200566,-0.9823939776006635,2.5070296407305594,-5.271049623188273,7.851851851851852,6.847545219638243,3,6,60.95
NQ1!,4h,2,AlgorithmB,2,True,,0.4444444444444444,27,14.818780184630722,2.641769592163326,1.7221760382515252,12.334875319162684,2.0056237125844474,False,2.8113528128136576,0.5488437105418787,2.4628908207200566,-0.9823939776006635,2.5070296407305594,-5.271049623188273,7.851851851851852,6.847545219638243,3,6,60.95
NQ1!,4h,2,AlgorithmB,3,True,,0.4444444444444444,27,14.818780184630722,2.641769592163326,1.7221760382515252,12.334875319162684,2.0056237125844474,False,2.8113528128136576,0.5488437105418787,2.4628908207200566,-0.9823939776006635,2.5070296407305594,-5.271049623188273,7.851851851851852,6.847545219638243,3,6,60.95
NQ1!,4h,2,AlgorithmC,0,True,,0.6,20,8.734260134783224,1.7815237914327984,1.3811617176356001,7.7271749402855745,1.9196444808346884,False,1.5909433090468195,0.43671300673916136,1.519307606664596,-1.1871788931489906,1.2797629872231255,-5.489988288782064,12.5,8.074935400516797,4,4,61.77
NQ1!,4h,2,AlgorithmC,1,True,,0.6,20,8.734260134783224,1.7815237914327984,1.3811617176356001,7.7271749402855745,1.9196444808346884,False,1.5909433090468195,0.43671300673916136,1.519307606664596,-1.1871788931489906,1.2797629872231255,-5.489988288782064,12.5,8.074935400516797,4,4,61.77
NQ1!,4h,2,AlgorithmC,2,True,,0.6,20,8.734260134783224,1.7815237914327984,1.3811617176356001,7.7271749402855745,1.9196444808346884,False,1.5909433090468195,0.43671300673916136,1.519307606664596,-1.1871788931489906,1.2797629872231255,-5.489988288782064,12.5,8.074935400516797,4,4,61.77
NQ1!,4h,2,AlgorithmC,3,True,,0.6,20,8.734260134783224,1.7815237914327984,1.3811617176356001,7.7271749402855745,1.9196444808346884,False,1.5909433090468195,0.43671300673916136,1.519307606664596,-1.1871788931489906,1.2797629872231255,-5.489988288782064,12.5,8.074935400516797,4,4,61.77
XU100,3h,1,AlgorithmA,0,False,zero_trades,0.0,0,0.0,0.0,0.0,0.0,0.0,False,0.0,0.0,0.0,0.0,0.0,0.0,0.0,0.0,0,0,0.0
XU100,3h,1,AlgorithmA,1,False,zero_trades,0.0,0,0.0,0.0,0.0,0.0,0.0,False,0.0,0.0,0.0,0.0,0.0,0.0,0.0,0.0,0,0,0.0
XU100,3h,1,AlgorithmA,2,False,"insufficient_trades (n=2, min=10)",0.0,2,-3.2436857826997616,-0.9358831670669981,0.0,0.0,0.0,False,-1.0081699876070438,-1.6218428913498808,0.0,-1.6218428913498808,0.0,-3.2173996672910867,13.0,3.4805890227576977,0,2,0.0
XU100,3h,1,AlgorithmA,3,False,zero_trades,0.0,0,0.0,0.0,0.0,0.0,0.0,False,0.0,0.0,0.0,0.0,0.0,0.0,0.0,0.0,0,0,0.0
XU100,3h,1,AlgorithmB,0,False,"insufficient_trades (n=3, min=10)",0.6666666666666666,3,6.084301904769291,39.0490217441532,0.0,0.0,3.237580748638421,False,2.2375807486384147,2.028100634923097,4.401722424491656,-2.719142944214022,1.6187903743192105,-2.7191429442140294,20.333333333333332,8.165997322623829,2,1,0.0
XU100,3h,1,AlgorithmB,1,True,,0.6875,16,26.81817950781447,45.985815991925485,2.8013693332667806,12.45205596085893,3.2331103045512077,False,4.867786685589698,1.6761362192384044,3.5297744438372423,-2.401867874879039,1.4695955929778217,-5.509316911360433,10.625,22.757697456492636,5,2,79.08
XU100,3h,1,AlgorithmB,2,True,,0.6875,16,26.81817950781447,45.985815991925485,2.8013693332667806,12.45205596085893,3.2331103045512077,False,4.867786685589698,1.6761362192384044,3.5297744438372423,-2.401867874879039,1.4695955929778217,-5.509316911360433,10.625,22.757697456492636,5,2,79.08
XU100,3h,1,AlgorithmB,3,True,,0.6875,16,26.81817950781447,45.985815991925485,2.8013693332667806,12.45205596085893,3.2331103045512077,False,4.867786685589698,1.6761362192384044,3.5297744438372423,-2.401867874879039,1.4695955929778217,-5.509316911360433,10.625,22.757697456492636,5,2,79.08
XU100,3h,1,AlgorithmC,0,True,,0.5,10,6.690840836656891,3.1468010224039373,0.8879402189784784,4.572636137708222,1.5837620136254935,False,1.200777633053303,0.6690840836656893,3.6304861601048275,-2.292317992773449,1.5837620136254937,-5.5720898295245656,13.8,18.473895582329316,2,2,54.22
XU100,3h,1,AlgorithmC,1,True,,0.5,10,6.690840836656891,3.1468010224039373,0.8879402189784784,4.572636137708222,1.5837620136254935,False,1.200777633053303,0.6690840836656893,3.6304861601048275,-2.292317992773449,1.5837620136254937,-5.5720898295245656,13.8,18.473895582329316,2,2,54.22
XU100,3h,1,AlgorithmC,2,True,,0.5,10,6.690840836656891,3.1468010224039373,0.8879402189784784,4.572636137708222,1.5837620136254935,False,1.200777633053303,0.6690840836656893,3.6304861601048275,-2.292317992773449,1.5837620136254937,-5.5720898295245656,13.8,18.473895582329316,2,2,54.22
XU100,3h,1,AlgorithmC,3,False,"insufficient_trades (n=2, min=10) div_by_zero_guard",1.0,2,3.168649018482287,13.021437714921731,0.0,0.0,inf (no losses),True,0.0,1.5843245092411435,1.5843245092411435,0.0,0.0,0.0,1.5,0.4016064257028112,2,0,0.0
XU100,3h,2,AlgorithmA,0,False,"insufficient_trades (n=3, min=10)",0.3333333333333333,3,-2.983064450141326,-0.8632873200454834,0.0,0.0,0.5476791798250363,False,-0.45986525474318035,-0.9943548167137759,3.6119546537492204,-3.2975095519452733,1.0953583596500727,-6.486822866857532,15.666666666666666,3.1438127090301005,1,2,0.0
XU100,3h,2,AlgorithmA,1,False,"insufficient_trades (n=2, min=10) div_by_zero_guard",1.0,2,5.440723250336196,89.84290948325307,0.0,0.0,inf (no losses),True,0.0,2.720361625168098,2.720361625168098,0.0,0.0,0.0,10.0,1.3377926421404682,2,0,0.0
XU100,3h,2,AlgorithmA,2,False,"insufficient_trades (n=3, min=10)",0.3333333333333333,3,-0.9621064161072108,-0.47220307786209625,0.0,0.0,0.7033909939000204,False,-0.29903229800395575,-0.3207021387024038,2.281579366592551,-1.6218428913498808,1.4067819878000407,-3.217399667291068,10.333333333333334,2.0735785953177257,1,2,0.0
XU100,3h,2,AlgorithmA,3,True,,0.6470588235294118,17,10.768210308507399,3.4240782825181126,4.354999158649302,15.167213718256535,3.031991112951522,False,3.5387957176135285,0.6334241357945529,1.4606863256477924,-0.8832232122697198,1.653813334337194,-3.0429024921984476,3.764705882352941,4.280936454849498,6,3,81.49
XU100,3h,2,AlgorithmB,0,True,,0.8461538461538461,13,10.37102420233225,4.794517911926189,1.3498148058836046,1.3648453760401227,1.9098474163349155,False,1.3255833858061314,0.7977710924870959,1.9790604868030592,-5.699320576250702,0.34724498478816646,-7.82374335208289,9.538461538461538,8.294314381270903,7,1,65.47
XU100,3h,2,AlgorithmB,1,True,,0.8461538461538461,13,10.37102420233225,4.794517911926189,1.3498148058836046,1.3648453760401227,1.9098474163349155,False,1.3255833858061314,0.7977710924870959,1.9790604868030592,-5.699320576250702,0.34724498478816646,-7.82374335208289,9.538461538461538,8.294314381270903,7,1,65.47
XU100,3h,2,AlgorithmB,2,True,,0.8461538461538461,13,10.37102420233225,4.794517911926189,1.3498148058836046,1.3648453760401227,1.9098474163349155,False,1.3255833858061314,0.7977710924870959,1.9790604868030592,-5.699320576250702,0.34724498478816646,-7.82374335208289,9.538461538461538,8.294314381270903,7,1,65.47
XU100,3h,2,AlgorithmB,3,True,,0.8461538461538461,13,10.37102420233225,4.794517911926189,1.3498148058836046,1.3648453760401227,1.9098474163349155,False,1.3255833858061314,0.7977710924870959,1.9790604868030592,-5.699320576250702,0.34724498478816646,-7.82374335208289,9.538461538461538,8.294314381270903,7,1,65.47
XU100,3h,2,AlgorithmC,0,True,,0.6666666666666666,15,24.20360120123236,39.27689590007186,2.5051714208498628,19.47790783434825,3.2869679269256973,False,6.399582973604279,1.6135734134154904,3.4786872141008303,-2.1166541879551883,1.6434839634628486,-3.7820591280810856,13.133333333333333,13.177257525083613,4,2,78.05
XU100,3h,2,AlgorithmC,1,True,,0.6666666666666666,15,24.20360120123236,39.27689590007186,2.5051714208498628,19.47790783434825,3.2869679269256973,False,6.399582973604279,1.6135734134154904,3.4786872141008303,-2.1166541879551883,1.6434839634628486,-3.7820591280810856,13.133333333333333,13.177257525083613,4,2,78.05
XU100,3h,2,AlgorithmC,2,True,,0.6666666666666666,15,24.20360120123236,39.27689590007186,2.5051714208498628,19.47790783434825,3.2869679269256973,False,6.399582973604279,1.6135734134154904,3.4786872141008303,-2.1166541879551883,1.6434839634628486,-3.7820591280810856,13.133333333333333,13.177257525083613,4,2,78.05
XU100,3h,2,AlgorithmC,3,True,,0.6666666666666666,15,24.20360120123236,39.27689590007186,2.5051714208498628,19.47790783434825,3.2869679269256973,False,6.399582973604279,1.6135734134154904,3.4786872141008303,-2.1166541879551883,1.6434839634628486,-3.7820591280810856,13.133333333333333,13.177257525083613,4,2,78.05
XU100,4h,1,AlgorithmA,0,False,zero_trades,0.0,0,0.0,0.0,0.0,0.0,0.0,False,0.0,0.0,0.0,0.0,0.0,0.0,0.0,0.0,0,0,0.0
XU100,4h,1,AlgorithmA,1,False,"insufficient_trades (n=2, min=10)",0.0,2,-3.6213512801505687,-0.9536251951016489,0.0,0.0,0.0,False,-1.0087530974372314,-1.8106756400752844,0.0,-1.8106756400752844,0.0,-3.589928288052571,28.5,7.630522088353414,0,2,0.0
XU100,4h,1,AlgorithmA,2,False,"insufficient_trades (n=2, min=10)",0.5,2,-0.17981825320784273,-0.15839442028917894,0.0,0.0,0.8930820553482917,False,-0.10691794465170863,-0.08990912660392136,1.5020159215287887,-1.6818341747366314,0.8930820553482917,-1.6818341747366268,26.5,7.095046854082998,1,1,0.0
XU100,4h,1,AlgorithmA,3,False,"insufficient_trades (n=1, min=10)",0.0,1,-1.768425546724784,-0.8944060039442971,0.0,0.0,0.0,False,-0.999999999999999,-1.768425546724784,0.0,-1.768425546724784,0.0,-1.7684255467247858,34.0,4.551539491298527,0,1,0.0
XU100,4h,1,AlgorithmB,0,False,"insufficient_trades (n=4, min=10)",0.5,4,1.5152136997746082,0.8329796713526465,0.0,0.0,1.2142615167292745,False,0.2179759733726191,0.37880342494365205,4.293504763111553,-3.535897913224249,1.2142615167292745,-6.951287687035239,22.25,11.914323962516733,2,2,0.0
XU100,4h,1,AlgorithmB,1,True,,0.46153846153846156,13,23.42813572789251,55.098318379608905,1.9124259578857523,14.101106287393657,3.1773799577436357,False,7.8806217818116195,1.8021642867609629,5.697986445005803,-1.5371118488774727,3.7069432840342413,-2.9728790920996064,15.23076923076923,26.506024096385545,3,2,69.85
XU100,4h,1,AlgorithmB,2,True,,0.46153846153846156,13,23.42813572789251,55.098318379608905,1.9124259578857523,14.101106287393657,3.1773799577436357,False,7.8806217818116195,1.8021642867609629,5.697986445005803,-1.5371118488774727,3.7069432840342413,-2.9728790920996064,15.23076923076923,26.506024096385545,3,2,69.85
XU100,4h,1,AlgorithmB,3,True,,0.46153846153846156,13,23.42813572789251,55.098318379608905,1.9124259578857523,14.101106287393657,3.1773799577436357,False,7.8806217818116195,1.8021642867609629,5.697986445005803,-1.5371118488774727,3.7069432840342413,-2.9728790920996064,15.23076923076923,26.506024096385545,3,2,69.85
XU100,4h,1,AlgorithmC,0,False,"insufficient_trades (n=4, min=10)",0.5,4,-1.8344823170754858,-0.6187034048325032,0.0,0.0,0.6072400021071119,False,-0.5286347110019044,-0.45862057926887134,1.4181320043572452,-2.335373162894988,0.6072400021071119,-3.4702267537420126,4.0,2.14190093708166,1,1,0.0
XU100,4h,1,AlgorithmC,1,True,,0.6363636363636364,11,4.889570168213401,1.6616541040539774,1.3808428760999192,9.177673050980072,1.5748895304590285,False,1.1066991617592306,0.44450637892849076,1.9135434991970115,-2.12630858154142,0.8999368745480163,-4.418156566090504,6.0,8.835341365461847,4,2,61.7
XU100,4h,1,AlgorithmC,2,True,,0.5555555555555556,36,-3.788887010700371,-0.23913836958822365,-1.1226156793518567,-2.619415735198154,0.8035373565935998,False,-0.5250889325377535,-0.1052468614083436,0.774832354951105,-1.2053458818576546,0.6428298852748799,-7.215705332787515,1.75,8.433734939759036,4,4,44.11
XU100,4h,1,AlgorithmC,3,False,zero_trades,0.0,0,0.0,0.0,0.0,0.0,0.0,False,0.0,0.0,0.0,0.0,0.0,0.0,0.0,0.0,0,0,0.0
XU100,4h,2,AlgorithmA,0,False,zero_trades,0.0,0,0.0,0.0,0.0,0.0,0.0,False,0.0,0.0,0.0,0.0,0.0,0.0,0.0,0.0,0,0,0.0
XU100,4h,2,AlgorithmA,1,False,"insufficient_trades (n=4, min=10)",0.5,4,1.4650268481361728,0.9911355820869139,0.0,0.0,1.404552537106075,False,0.40809362488183987,0.3662567120340432,2.5431890641420454,-1.810675640073959,1.404552537106075,-3.5899282880499768,19.25,5.150501672240803,2,2,0.0
XU100,4h,2,AlgorithmA,2,True,,0.7692307692307693,13,5.933997505314094,1.8015496938057884,1.7153533588675558,4.0923371574468295,1.7473586023403977,False,1.878868302513013,0.4564613465626228,1.3873957635205456,-2.646653376630454,0.5242075807021194,-3.1582828330103223,5.461538461538462,4.749163879598662,6,1,69.08
XU100,4h,2,AlgorithmA,3,True,,0.7692307692307693,13,5.933997505314094,1.8015496938057884,1.7153533588675558,4.0923371574468295,1.7473586023403977,False,1.878868302513013,0.4564613465626228,1.3873957635205456,-2.646653376630454,0.5242075807021194,-3.1582828330103223,5.461538461538462,4.749163879598662,6,1,69.08
XU100,4h,2,AlgorithmB,0,True,,0.475,40,27.139256518910024,3.8865152242181056,1.3855876212004559,6.648853360745781,1.8037180692901054,False,3.3141547743548925,0.6784814129727503,3.205599551744256,-1.6079588078205163,1.9935831292153796,-8.188892301866844,9.375,25.08361204013378,4,5,55.93
XU100,4h,2,AlgorithmB,1,True,,0.475,40,27.139256518910024,3.8865152242181056,1.3855876212004559,6.648853360745781,1.8037180692901054,False,3.3141547743548925,0.6784814129727503,3.205599551744256,-1.6079588078205163,1.9935831292153796,-8.188892301866844,9.375,25.08361204013378,4,5,55.93
XU100,4h,2,AlgorithmB,2,True,,0.475,40,27.139256518910024,3.8865152242181056,1.3855876212004559,6.648853360745781,1.8037180692901054,False,3.3141547743548925,0.6784814129727503,3.205599551744256,-1.6079588078205163,1.9935831292153796,-8.188892301866844,9.375,25.08361204013378,4,5,55.93
XU100,4h,2,AlgorithmB,3,True,,0.475,40,27.139256518910024,3.8865152242181056,1.3855876212004559,6.648853360745781,1.8037180692901054,False,3.3141547743548925,0.6784814129727503,3.205599551744256,-1.6079588078205163,1.9935831292153796,-8.188892301866844,9.375,25.08361204013378,4,5,55.93
XU100,4h,2,AlgorithmC,0,True,,0.7,10,2.6440652793540194,0.8128192872167275,2.920013230255888,3.483202506133656,2.6464676317124574,False,1.7684034671107205,0.26440652793540187,0.6071381495033253,-0.5353005890564194,1.1342004135910533,-1.495170829807287,2.1,1.4046822742474918,2,1,81.63
XU100,4h,2,AlgorithmC,1,True,,0.7,10,2.6440652793540194,0.8128192872167275,2.920013230255888,3.483202506133656,2.6464676317124574,False,1.7684034671107205,0.26440652793540187,0.6071381495033253,-0.5353005890564194,1.1342004135910533,-1.495170829807287,2.1,1.4046822742474918,2,1,81.63
XU100,4h,2,AlgorithmC,2,True,,0.7,10,2.6440652793540194,0.8128192872167275,2.920013230255888,3.483202506133656,2.6464676317124574,False,1.7684034671107205,0.26440652793540187,0.6071381495033253,-0.5353005890564194,1.1342004135910533,-1.495170829807287,2.1,1.4046822742474918,2,1,81.63
XU100,4h,2,AlgorithmC,3,False,"insufficient_trades (n=3, min=10)",0.6666666666666666,3,-0.36599474014306654,-0.22107384786426076,0.0,0.0,0.8276769785614998,False,-0.1723230214384997,-0.12199824671435555,0.878946463920738,-2.1238876679845426,0.4138384892807499,-2.123887667984549,10.0,2.0066889632107023,1,1,0.0
XAUUSD,3h,1,AlgorithmA,0,False,"insufficient_trades (n=4, min=10)",0.75,4,7.932252284565735,48.59947488306104,0.0,0.0,4.8866794494234025,False,3.886679449423401,1.9830630711414339,3.3243779367483555,-2.040881525679331,1.6288931498078008,-2.0408815256793313,36.5,7.355163727959697,3,1,0.0
XAUUSD,3h,1,AlgorithmA,1,True,,0.5454545454545454,11,9.85118572260551,6.403105877580739,1.4413940859537113,7.530826063175788,2.2943798551033483,False,2.830104490069918,0.8955623384186826,2.9103205911970798,-1.5221475649153937,1.9119832125861238,-3.4808558331223085,17.454545454545453,9.672544080604533,3,2,64.54
XAUUSD,3h,1,AlgorithmA,2,True,,0.6363636363636364,11,8.150116959834264,4.36624861105359,3.091259521726432,37.804144047783225,2.7148324469090466,False,3.2165750658825423,0.7409197236212968,1.8432622972702373,-1.1881797802643488,1.5513328268051694,-2.533787271523878,6.0,3.3249370277078083,6,2,80.14
XAUUSD,3h,1,AlgorithmA,3,True,,0.5454545454545454,11,9.85118572260551,6.403105877580739,1.4413940859537113,7.530826063175788,2.2943798551033483,False,2.830104490069918,0.8955623384186826,2.9103205911970798,-1.5221475649153937,1.9119832125861238,-3.4808558331223085,17.454545454545453,9.672544080604533,3,2,64.54
XAUUSD,3h,1,AlgorithmB,0,True,,0.8666666666666667,15,25.874163582941268,52.12846928741163,3.141501898608682,5.142230348763102,5.153294717828583,False,5.51910775298922,1.7249442388627514,2.4695350703296586,-3.114896165672147,0.7928145719736281,-4.688106255748945,12.066666666666666,9.118387909319898,9,1,85.39
XAUUSD,3h,1,AlgorithmB,1,True,,0.8666666666666667,15,25.874163582941268,52.12846928741163,3.141501898608682,5.142230348763102,5.153294717828583,False,5.51910775298922,1.7249442388627514,2.4695350703296586,-3.114896165672147,0.7928145719736281,-4.688106255748945,12.066666666666666,9.118387909319898,9,1,85.39
XAUUSD,3h,1,AlgorithmB,2,True,,0.8666666666666667,15,25.874163582941268,52.12846928741163,3.141501898608682,5.142230348763102,5.153294717828583,False,5.51910775298922,1.7249442388627514,2.4695350703296586,-3.114896165672147,0.7928145719736281,-4.688106255748945,12.066666666666666,9.118387909319898,9,1,85.39
XAUUSD,3h,1,AlgorithmB,3,True,,0.8666666666666667,15,25.874163582941268,52.12846928741163,3.141501898608682,5.142230348763102,5.153294717828583,False,5.51910775298922,1.7249442388627514,2.4695350703296586,-3.114896165672147,0.7928145719736281,-4.688106255748945,12.066666666666666,9.118387909319898,9,1,85.39
XAUUSD,3h,1,AlgorithmC,0,True,,0.5294117647058824,17,3.008959716555506,0.5128435591176341,2.6462982830335715,6.012730794497626,1.7730339540492068,False,1.3498599899387649,0.17699763038561794,0.7668180846066395,-0.4865503806130313,1.5760301813770727,-2.229090230826091,1.8235294117647058,1.561712846347607,4,4,70.44
XAUUSD,3h,1,AlgorithmC,1,True,,0.5294117647058824,17,3.008959716555506,0.5128435591176341,2.6462982830335715,6.012730794497626,1.7730339540492068,False,1.3498599899387649,0.17699763038561794,0.7668180846066395,-0.4865503806130313,1.5760301813770727,-2.229090230826091,1.8235294117647058,1.561712846347607,4,4,70.44
XAUUSD,3h,1,AlgorithmC,2,True,,0.5294117647058824,17,3.008959716555506,0.5128435591176341,2.6462982830335715,6.012730794497626,1.7730339540492068,False,1.3498599899387649,0.17699763038561794,0.7668180846066395,-0.4865503806130313,1.5760301813770727,-2.229090230826091,1.8235294117647058,1.561712846347607,4,4,70.44
XAUUSD,3h,1,AlgorithmC,3,False,"insufficient_trades (n=3, min=10) div_by_zero_guard",1.0,3,2.9746177006404215,5.453488184040524,0.0,0.0,inf (no losses),True,0.0,0.9915392335468072,0.9915392335468072,0.0,0.0,0.0,1.3333333333333333,0.20151133501259444,3,0,0.0
XAUUSD,3h,2,AlgorithmA,0,True,,0.5555555555555556,18,13.876315909687513,4.957181618475463,1.3307310337582592,5.259682666697994,2.2538570054049316,False,2.8680673998348967,0.7709064394270843,2.4943220548630913,-1.3833630798679248,1.8030856043239452,-4.838211232583418,19.27777777777778,8.690207863761582,3,3,62.69
XAUUSD,3h,2,AlgorithmA,1,True,,0.5555555555555556,18,13.876315909687513,4.957181618475463,1.3307310337582592,5.259682666697994,2.2538570054049316,False,2.8680673998348967,0.7709064394270843,2.4943220548630913,-1.3833630798679248,1.8030856043239452,-4.838211232583418,19.27777777777778,8.690207863761582,3,3,62.69
XAUUSD,3h,2,AlgorithmA,2,True,,0.6428571428571429,28,22.198038220643376,5.63520447195889,2.321354007195898,12.15397731058232,3.0084582378550087,False,3.9526052551351563,0.7927870793086923,1.8472397741163933,-1.1052277713451697,1.6713656876972272,-5.616052397796129,11.75,8.239418983220636,6,5,74.72
XAUUSD,3h,2,AlgorithmA,3,True,,0.5555555555555556,18,13.876315909687513,4.957181618475463,1.3307310337582592,5.259682666697994,2.2538570054049316,False,2.8680673998348967,0.7709064394270843,2.4943220548630913,-1.3833630798679248,1.8030856043239452,-4.838211232583418,19.27777777777778,8.690207863761582,3,3,62.69
XAUUSD,3h,2,AlgorithmB,0,True,,0.5263157894736842,19,16.770722735454836,6.76944057653724,2.8604354629001283,15.409720044395453,3.0368271746002016,False,7.855245329975439,0.8826696176555178,2.5004471255992264,-0.9148609467263807,2.7331444571401815,-2.1349712238086487,4.894736842105263,2.329075882794891,6,2,78.42
XAUUSD,3h,2,AlgorithmB,1,True,,0.5263157894736842,19,16.770722735454836,6.76944057653724,2.8604354629001283,15.409720044395453,3.0368271746002016,False,7.855245329975439,0.8826696176555178,2.5004471255992264,-0.9148609467263807,2.7331444571401815,-2.1349712238086487,4.894736842105263,2.329075882794891,6,2,78.42
XAUUSD,3h,2,AlgorithmB,2,True,,0.5263157894736842,19,16.770722735454836,6.76944057653724,2.8604354629001283,15.409720044395453,3.0368271746002016,False,7.855245329975439,0.8826696176555178,2.5004471255992264,-0.9148609467263807,2.7331444571401815,-2.1349712238086487,4.894736842105263,2.329075882794891,6,2,78.42
XAUUSD,3h,2,AlgorithmB,3,True,,0.5263157894736842,19,16.770722735454836,6.76944057653724,2.8604354629001283,15.409720044395453,3.0368271746002016,False,7.855245329975439,0.8826696176555178,2.5004471255992264,-0.9148609467263807,2.7331444571401815,-2.1349712238086487,4.894736842105263,2.329075882794891,6,2,78.42
XAUUSD,3h,2,AlgorithmC,0,True,,0.8666666666666667,30,15.775352296169398,2.526636231253749,1.852151777986906,4.300429719748139,2.643846675860145,False,2.0775944977291814,0.5258450765389802,0.9758446299539513,-2.3991520206583328,0.4067456424400223,-7.593085327002896,12.866666666666667,9.666917104933633,20,3,73.42
XAUUSD,3h,2,AlgorithmC,1,True,,0.8666666666666667,30,15.775352296169398,2.526636231253749,1.852151777986906,4.300429719748139,2.643846675860145,False,2.0775944977291814,0.5258450765389802,0.9758446299539513,-2.3991520206583328,0.4067456424400223,-7.593085327002896,12.866666666666667,9.666917104933633,20,3,73.42
XAUUSD,3h,2,AlgorithmC,2,True,,0.8666666666666667,30,15.775352296169398,2.526636231253749,1.852151777986906,4.300429719748139,2.643846675860145,False,2.0775944977291814,0.5258450765389802,0.9758446299539513,-2.3991520206583328,0.4067456424400223,-7.593085327002896,12.866666666666667,9.666917104933633,20,3,73.42
XAUUSD,3h,2,AlgorithmC,3,True,,0.8666666666666667,30,15.775352296169398,2.526636231253749,1.852151777986906,4.300429719748139,2.643846675860145,False,2.0775944977291814,0.5258450765389802,0.9758446299539513,-2.3991520206583328,0.4067456424400223,-7.593085327002896,12.866666666666667,9.666917104933633,20,3,73.42
XAUUSD,4h,1,AlgorithmA,0,False,"insufficient_trades (n=2, min=10)",0.0,2,-3.7624932608820876,-0.9588568383406555,0.0,0.0,0.0,False,-1.0094655402702801,-1.8812466304410438,0.0,-1.8812466304410438,0.0,-3.727213174483099,19.0,2.4707412223667102,0,2,0.0
XAUUSD,4h,1,AlgorithmA,1,False,"insufficient_trades (n=4, min=10)",0.0,4,-7.419164160883358,-0.9771476316837486,0.0,0.0,0.0,False,-1.027121393098131,-1.8547910402208394,0.0,-1.8547910402208394,0.0,-7.223259305800996,21.0,5.461638491547465,0,4,0.0
XAUUSD,4h,1,AlgorithmA,2,True,,0.3,10,-2.5958327154638603,-0.4610910528601212,-0.9670080174036436,-4.075391951948595,0.6742605673422607,False,-0.6212876102103545,-0.25958327154638605,1.7910712919358704,-1.138435227324496,1.5732746571319416,-4.1781498178999055,8.2,5.331599479843954,2,4,39.81
XAUUSD,4h,1,AlgorithmA,3,False,"insufficient_trades (n=3, min=10)",0.0,3,-6.09460834267213,-0.9793631266825163,0.0,0.0,0.0,False,-1.02020199540324,-2.031536114224043,0.0,-2.031536114224043,0.0,-5.973923174168274,17.333333333333332,3.3810143042912877,0,3,0.0
XAUUSD,4h,1,AlgorithmB,0,True,,0.9,10,20.288531792961468,81.07838276521605,2.584480548678416,111792287825.43358,3.292105097752851,False,2.2921050977528497,2.028853179296147,3.2377795419498963,-8.8514840845876,0.3657894553058723,-8.851484084587605,8.3,5.396618985695708,8,1,79.95
XAUUSD,4h,1,AlgorithmB,1,True,,0.9,10,20.288531792961468,81.07838276521605,2.584480548678416,111792287825.43358,3.292105097752851,False,2.2921050977528497,2.028853179296147,3.2377795419498963,-8.8514840845876,0.3657894553058723,-8.851484084587605,8.3,5.396618985695708,8,1,79.95
XAUUSD,4h,1,AlgorithmB,2,True,,0.9,10,20.288531792961468,81.07838276521605,2.584480548678416,111792287825.43358,3.292105097752851,False,2.2921050977528497,2.028853179296147,3.2377795419498963,-8.8514840845876,0.3657894553058723,-8.851484084587605,8.3,5.396618985695708,8,1,79.95
XAUUSD,4h,1,AlgorithmB,3,True,,0.9,10,20.288531792961468,81.07838276521605,2.584480548678416,111792287825.43358,3.292105097752851,False,2.2921050977528497,2.028853179296147,3.2377795419498963,-8.8514840845876,0.3657894553058723,-8.851484084587605,8.3,5.396618985695708,8,1,79.95
XAUUSD,4h,1,AlgorithmC,0,True,,0.5625,16,0.042385295517353594,0.0035385987689533493,0.07757580369182297,0.11353923671812265,1.0149658076448331,False,0.04266017320460735,0.0026490809698346274,0.31939194490663164,-0.4045917440917615,0.7894178503904258,-0.9935565735765914,1.1875,1.2353706111833551,3,3,51.1
XAUUSD,4h,1,AlgorithmC,1,True,,0.41379310344827586,29,-3.986998656176355,-0.290880974536874,-2.2669544762788303,-2.8861410724528103,0.6422872980651997,False,-0.7366998124425227,-0.13748271228194328,0.5965678090299416,-0.6556360214432737,0.9099070055923661,-5.411971862674283,1.2758620689655173,2.4057217165149547,3,6,41.35
XAUUSD,4h,1,AlgorithmC,2,True,,0.4857142857142857,70,-13.004121081657695,-0.3743410042677967,-3.763134479725643,-4.738196390346121,0.4934895533739649,False,-0.9548671234936297,-0.1857731583093955,0.3726418644504567,-0.713165124249256,0.522518350631257,-13.618775598932276,1.0857142857142856,4.9414824447334205,4,7,35.44
XAUUSD,4h,1,AlgorithmC,3,False,zero_trades,0.0,0,0.0,0.0,0.0,0.0,0.0,False,0.0,0.0,0.0,0.0,0.0,0.0,0.0,0.0,0,0,0.0
XAUUSD,4h,2,AlgorithmA,0,True,,0.7272727272727273,11,32.553504021465436,751.0559268917128,1.5213579058876892,17.37308957202718,7.1378648822970066,False,8.981237796623596,2.959409456496858,4.732152743796925,-1.7679059763033191,2.6766993308613776,-3.624612192509099,83.63636363636364,29.677419354838708,5,2,73.08
XAUUSD,4h,2,AlgorithmA,1,True,,0.7272727272727273,11,32.553504021465436,751.0559268917128,1.5213579058876892,17.37308957202718,7.1378648822970066,False,8.981237796623596,2.959409456496858,4.732152743796925,-1.7679059763033191,2.6766993308613776,-3.624612192509099,83.63636363636364,29.677419354838708,5,2,73.08
XAUUSD,4h,2,AlgorithmA,2,True,,0.7272727272727273,11,32.553504021465436,751.0559268917128,1.5213579058876892,17.37308957202718,7.1378648822970066,False,8.981237796623596,2.959409456496858,4.732152743796925,-1.7679059763033191,2.6766993308613776,-3.624612192509099,83.63636363636364,29.677419354838708,5,2,73.08
XAUUSD,4h,2,AlgorithmA,3,True,,0.7272727272727273,11,32.553504021465436,751.0559268917128,1.5213579058876892,17.37308957202718,7.1378648822970066,False,8.981237796623596,2.959409456496858,4.732152743796925,-1.7679059763033191,2.6766993308613776,-3.624612192509099,83.63636363636364,29.677419354838708,5,2,73.08
XAUUSD,4h,2,AlgorithmB,0,True,,0.6,10,25.976464547723673,228.75304019596544,0.5876244965351965,4.261410260490954,2.982195428426909,False,3.38663622650191,2.5976464547723674,6.513560058202212,-3.2762239503723993,1.9881302856179395,-7.670284852103829,105.4,34.0,4,2,60.33
XAUUSD,4h,2,AlgorithmB,1,True,,0.6,10,25.976464547723673,228.75304019596544,0.5876244965351965,4.261410260490954,2.982195428426909,False,3.38663622650191,2.5976464547723674,6.513560058202212,-3.2762239503723993,1.9881302856179395,-7.670284852103829,105.4,34.0,4,2,60.33
XAUUSD,4h,2,AlgorithmB,2,True,,0.6,10,25.976464547723673,228.75304019596544,0.5876244965351965,4.261410260490954,2.982195428426909,False,3.38663622650191,2.5976464547723674,6.513560058202212,-3.2762239503723993,1.9881302856179395,-7.670284852103829,105.4,34.0,4,2,60.33
XAUUSD,4h,2,AlgorithmB,3,True,,0.6,10,25.976464547723673,228.75304019596544,0.5876244965351965,4.261410260490954,2.982195428426909,False,3.38663622650191,2.5976464547723674,6.513560058202212,-3.2762239503723993,1.9881302856179395,-7.670284852103829,105.4,34.0,4,2,60.33
XAUUSD,4h,2,AlgorithmC,0,True,,0.625,24,19.59697916407123,5.822546653056658,1.4908370851464967,6.232807767529803,2.4143418579912934,False,5.337394480783597,0.816540798502968,2.2301919355007715,-1.5395444298267047,1.448605114794776,-3.6716377690700774,18.333333333333332,14.193548387096774,9,3,67.25
XAUUSD,4h,2,AlgorithmC,1,True,,0.625,24,19.59697916407123,5.822546653056658,1.4908370851464967,6.232807767529803,2.4143418579912934,False,5.337394480783597,0.816540798502968,2.2301919355007715,-1.5395444298267047,1.448605114794776,-3.6716377690700774,18.333333333333332,14.193548387096774,9,3,67.25
XAUUSD,4h,2,AlgorithmC,2,True,,0.625,24,19.59697916407123,5.822546653056658,1.4908370851464967,6.232807767529803,2.4143418579912934,False,5.337394480783597,0.816540798502968,2.2301919355007715,-1.5395444298267047,1.448605114794776,-3.6716377690700774,18.333333333333332,14.193548387096774,9,3,67.25
XAUUSD,4h,2,AlgorithmC,3,False,"insufficient_trades (n=3, min=10) div_by_zero_guard",1.0,3,1.7457209431932048,1.9939512918059599,0.0,0.0,inf (no losses),True,0.0,0.5819069810644016,0.5819069810644016,0.0,0.0,0.0,3.6666666666666665,0.3548387096774194,3,0,0.0
SP500,3h,1,AlgorithmA,0,False,"insufficient_trades (n=3, min=10)",0.3333333333333333,3,-0.9888498367617666,-0.47550610173870267,0.0,0.0,0.6403980505886938,False,-0.3619539016449819,-0.32961661225392236,1.7609957588491132,-1.37492279780544,1.2807961011773876,-2.7319772829294378,26.666666666666668,4.030226700251889,1,2,0.0
SP500,3h,1,AlgorithmA,1,True,,0.6923076923076923,13,10.759863053602341,5.782611486096343,2.671837962500815,14.902901384525979,4.933393679440201,False,6.0806712019679425,0.8276817733540264,1.4994866097929698,-0.6838791086335962,2.192619413084534,-1.7695189718727153,17.846153846153847,11.687657430730479,6,3,81.45
SP500,3h,1,AlgorithmA,2,True,,0.6923076923076923,13,10.759863053602341,5.782611486096343,2.671837962500815,14.902901384525979,4.933393679440201,False,6.0806712019679425,0.8276817733540264,1.4994866097929698,-0.6838791086335962,2.192619413084534,-1.7695189718727153,17.846153846153847,11.687657430730479,6,3,81.45
SP500,3h,1,AlgorithmA,3,True,,0.6923076923076923,13,10.759863053602341,5.782611486096343,2.671837962500815,14.902901384525979,4.933393679440201,False,6.0806712019679425,0.8276817733540264,1.4994866097929698,-0.6838791086335962,2.192619413084534,-1.7695189718727153,17.846153846153847,11.687657430730479,6,3,81.45
SP500,3h,1,AlgorithmB,0,False,"insufficient_trades (n=6, min=10)",0.16666666666666666,6,-4.439486449479862,-0.8016609601469181,-2.603526277187321,-8.712104061799558,0.273972297635209,False,-1.0102716146158603,-0.7399144082466438,1.675275335807019,-1.2229523570573761,1.3698614881760447,-4.394349386098416,13.5,4.080604534005038,1,3,0.0
SP500,3h,1,AlgorithmB,1,True,,0.30303030303030304,33,-15.204719714190965,-0.6826007295355045,-1.529928460874524,-4.519297569821949,0.45386552692634974,False,-0.8997018190253704,-0.460749082248211,1.263589548927467,-1.2104615305854622,1.0438907119306042,-16.89973210308938,15.06060606060606,25.03778337531486,2,6,28.11
SP500,3h,1,AlgorithmB,2,True,,0.34782608695652173,69,-7.476386160616826,-0.2428898051340015,-0.7197875273085897,-2.641332452271096,0.7609968326732709,False,-0.9119831924504354,-0.1083534226176352,0.9918812394324613,-0.6951452423776866,1.4268690612623829,-8.197942925382536,7.797101449275362,27.103274559193956,3,8,38.07
SP500,3h,1,AlgorithmB,3,True,,0.26666666666666666,15,-8.927132750723136,-0.7626906672868915,-1.3329074861924985,-3.9240922125191378,0.4509247418152724,False,-0.8367984128255549,-0.5951421833815425,1.8328384728529274,-1.4780442401940768,1.240043039991999,-10.66819990800359,19.733333333333334,14.91183879093199,2,5,32.41
SP500,3h,1,AlgorithmC,0,True,,0.7142857142857143,14,2.716949670186439,0.568394032239957,1.3852404037854606,9.178421473830339,1.7570307895134838,False,1.5308645610876748,0.19406783358474577,0.6305904977978511,-0.8972388269480178,0.7028123158053935,-1.7747812179126115,9.071428571428571,6.397984886649874,4,2,66.77
SP500,3h,1,AlgorithmC,1,True,,0.625,16,2.0439632712673226,0.3525557952405338,7.12204880977679,23.13775905723625,3.9765378963509392,False,7.7459568708761015,0.12774770445420766,0.27306547707349094,-0.11444858324459778,2.3859227378105636,-0.2638748582440973,1.125,0.906801007556675,3,2,83.28
SP500,3h,1,AlgorithmC,2,True,,0.625,16,2.0439632712673226,0.3525557952405338,7.12204880977679,23.13775905723625,3.9765378963509392,False,7.7459568708761015,0.12774770445420766,0.27306547707349094,-0.11444858324459778,2.3859227378105636,-0.2638748582440973,1.125,0.906801007556675,3,2,83.28
SP500,3h,1,AlgorithmC,3,False,"insufficient_trades (n=4, min=10)",0.75,4,0.06647730720560713,0.029806226580122885,0.0,0.0,1.0611867096362693,False,0.06118670963626905,0.016619326801401768,0.3843145857347059,-1.0864664499985106,0.3537289032120897,-1.0864664499985144,6.0,1.2090680100755666,2,1,0.0
SP500,3h,2,AlgorithmA,0,True,,0.6,10,3.935954648349955,1.4334778806885446,1.8000979695814472,14.26629597326742,2.5173031450647048,False,3.413209172505054,0.39359546483499547,1.0883334956664033,-0.648511581412116,1.6782020967098032,-1.153153659627969,11.6,2.90945573112616,4,2,71.36
SP500,3h,2,AlgorithmA,1,True,,0.6,10,3.935954648349955,1.4334778806885446,1.8000979695814472,14.26629597326742,2.5173031450647048,False,3.413209172505054,0.39359546483499547,1.0883334956664033,-0.648511581412116,1.6782020967098032,-1.153153659627969,11.6,2.90945573112616,4,2,71.36
SP500,3h,2,AlgorithmA,2,True,,0.6,10,3.935954648349955,1.4334778806885446,1.8000979695814472,14.26629597326742,2.5173031450647048,False,3.413209172505054,0.39359546483499547,1.0883334956664033,-0.648511581412116,1.6782020967098032,-1.153153659627969,11.6,2.90945573112616,4,2,71.36
SP500,3h,2,AlgorithmA,3,True,,0.6,10,3.935954648349955,1.4334778806885446,1.8000979695814472,14.26629597326742,2.5173031450647048,False,3.413209172505054,0.39359546483499547,1.0883334956664033,-0.648511581412116,1.6782020967098032,-1.153153659627969,11.6,2.90945573112616,4,2,71.36
SP500,3h,2,AlgorithmB,0,True,,0.4,10,7.528451016209227,4.1435858618047705,0.8736200157775607,7.317405643173702,2.0476285625855914,False,1.7919820971777103,0.7528451016209228,3.6786586113045883,-1.1976972381681876,3.0714428438783874,-4.201186511888815,23.2,5.81891146225232,3,3,55.34
SP500,3h,2,AlgorithmB,1,True,,0.4,50,8.30708608434741,0.4417182834580071,0.31418473687594894,1.7284941688016844,1.2519831218748472,False,0.6576501586512133,0.16614172168694807,2.063696070630061,-1.098894510941794,1.8779746828122708,-12.631466707747116,18.74,23.501379483320793,7,6,40.35
SP500,3h,2,AlgorithmB,2,True,,0.37142857142857144,140,2.3562667640767607,0.027736408646267696,0.08417538389104207,0.24066433122872916,1.0372072776152557,False,0.24633977213753125,0.016830476886262713,1.2631611921231165,-0.7196376730264237,1.755273854425817,-9.565108969741432,8.435714285714285,29.621269124655132,4,8,39.54
SP500,3h,2,AlgorithmB,3,True,,0.4117647058823529,34,14.19282694370813,1.545113066401238,0.4673044956569723,2.657000721693821,1.5232321936093378,False,1.2242405086694235,0.4174360865796508,2.951294334254386,-1.3562646867926635,2.1760459908704823,-11.593168861185397,26.764705882352942,22.824178580386256,3,5,43.96
SP500,3h,2,AlgorithmC,0,True,,0.6296296296296297,27,-0.6707137317214064,-0.07002937172841883,-0.10893959689182595,-0.23391677305867511,0.9458422314947215,False,-0.183361839090598,-0.024841249323015013,0.6890428271655507,-1.2384441793535768,0.5563777832321891,-3.657869789307745,12.592592592592593,8.52771507399047,4,2,49.61
SP500,3h,2,AlgorithmC,1,True,,0.45121951219512196,82,-5.946411408903871,-0.17531120794863764,-0.3348139278518359,-1.2077231931709687,0.854993990167372,False,-0.6777951014643134,-0.07251721230370584,0.9476114265034354,-0.9112896486562442,1.039857555608966,-8.77316964383071,11.963414634146341,24.604966139954854,4,8,40.58
SP500,3h,2,AlgorithmC,2,True,,0.3878787878787879,165,-14.893363186121857,-0.2040912739707349,-3.1209483758677834,-4.2057764442702945,0.5422739318160639,False,-1.0018146759537794,-0.09026280718861729,0.27569309374771767,-0.32215565530669094,0.8557760486472259,-14.866385513810332,1.2666666666666666,5.242036619011788,4,10,32.31
SP500,3h,2,AlgorithmC,3,False,"insufficient_trades (n=8, min=10)",0.75,8,-0.3407792737636034,-0.09637721509306452,-0.27302001972866036,-0.7618321073660599,0.8671433712004538,False,-0.2304822693263155,-0.04259740922045041,0.37070598955268014,-1.282507605539842,0.28904779040015127,-1.4785487610811834,10.25,2.056684223727113,5,1,0.0
SP500,4h,1,AlgorithmA,0,False,zero_trades,0.0,0,0.0,0.0,0.0,0.0,0.0,False,0.0,0.0,0.0,0.0,0.0,0.0,0.0,0.0,0,0,0.0
SP500,4h,1,AlgorithmA,1,False,"insufficient_trades (n=1, min=10)",0.0,1,-0.5721980667646933,-0.5147252984496866,0.0,0.0,0.0,False,-0.9999999999999878,-0.5721980667646933,0.0,-0.5721980667646933,0.0,-0.5721980667647003,3.0,0.1949317738791423,0,1,0.0
SP500,4h,1,AlgorithmA,2,True,,0.8518518518518519,27,11.902040430191997,1.889047106897169,3.208861586032527,5.495820850501977,3.2701451091983733,False,6.545004348608595,0.44081631222933315,0.7454302129921221,-1.3107136171567033,0.5687208885562388,-1.8184923639847934,7.037037037037037,12.345679012345679,9,1,87.43
SP500,4h,1,AlgorithmA,3,False,"insufficient_trades (n=4, min=10)",0.5,4,-0.8545015792075277,-0.3623372292600092,0.0,0.0,0.712339059701715,False,-0.4094644404212797,-0.21362539480188192,1.058007477162428,-1.4852582667661918,0.712339059701715,-2.0868761603043455,13.25,3.443794671864847,2,1,0.0
SP500,4h,1,AlgorithmB,0,False,"insufficient_trades (n=2, min=10)",0.5,2,0.17361468185349826,0.11856834247262249,0.0,0.0,1.0904996338305015,False,0.09049963383050168,0.08680734092674913,2.0920167184701834,-1.9184020366166852,1.0904996338305015,-1.9184020366166805,24.0,3.1189083820662766,1,1,0.0
SP500,4h,1,AlgorithmB,1,True,,0.3,10,-4.769264096807305,-0.6737242825255922,-1.2410955756371234,-4.68778869975604,0.5167465030561924,False,-0.6976467364207989,-0.47692640968073063,1.6999363410457262,-1.409867588563498,1.2057418404644489,-6.8362164514314205,15.5,10.071474983755685,2,5,36.76
SP500,4h,1,AlgorithmB,2,True,,0.3148148148148148,54,-10.716355259569477,-0.3964039678348257,-0.9453414693957617,-4.021082103168467,0.6665332083104606,False,-1.015585234578309,-0.19845102332536052,1.2599908227153414,-0.8685459255602777,1.450689923969826,-10.551901400987894,10.074074074074074,35.34762833008447,2,7,34.82
SP500,4h,1,AlgorithmB,3,True,,0.35714285714285715,14,-5.165651079747703,-0.5974124358289279,-0.7040754930532965,-2.1243243207653,0.6538944826907791,False,-0.5374559250561833,-0.3689750771248361,1.9518849435358017,-1.658341755269635,1.1770100688434024,-9.611301762479794,18.714285714285715,17.024041585445094,3,5,36.55
SP500,4h,1,AlgorithmC,0,True,,0.5,14,5.551058988402363,1.4726878234024765,0.9013077499074615,7.1768843744547155,1.7988631649274487,False,1.6508261889041909,0.3965042134573117,1.78567958979975,-0.9926711628851266,1.798863164927449,-3.362594454651295,20.714285714285715,18.84340480831709,3,3,57.3
SP500,4h,1,AlgorithmC,1,True,,0.5,14,5.551058988402363,1.4726878234024765,0.9013077499074615,7.1768843744547155,1.7988631649274487,False,1.6508261889041909,0.3965042134573117,1.78567958979975,-0.9926711628851266,1.798863164927449,-3.362594454651295,20.714285714285715,18.84340480831709,3,3,57.3
SP500,4h,1,AlgorithmC,2,True,,0.5,14,5.551058988402363,1.4726878234024765,0.9013077499074615,7.1768843744547155,1.7988631649274487,False,1.6508261889041909,0.3965042134573117,1.78567958979975,-0.9926711628851266,1.798863164927449,-3.362594454651295,20.714285714285715,18.84340480831709,3,3,57.3
SP500,4h,1,AlgorithmC,3,False,"insufficient_trades (n=2, min=10)",0.5,2,-0.3165323347476796,-0.23640645520976966,0.0,0.0,0.6110715341808606,False,-0.38892846581914137,-0.1582661673738398,0.49732512894044845,-0.8138574636881281,0.6110715341808606,-0.813857463688124,4.5,0.5847953216374269,1,1,0.0
SP500,4h,2,AlgorithmA,0,False,"insufficient_trades (n=3, min=10)",0.3333333333333333,3,-2.288642474976321,-0.7689871269859806,0.0,0.0,0.32816600133985313,False,-0.6772843074673994,-0.7628808249921069,1.1179170018298694,-1.7032797384030949,0.6563320026797063,-3.379145876765324,20.666666666666668,2.0025839793281652,1,2,0.0
SP500,4h,2,AlgorithmA,1,True,,0.6666666666666666,27,16.956071358525012,3.4798998408185726,1.972181216163791,9.300606059785578,2.656841141070403,False,5.909310570073545,0.6280026429083335,1.5105581491975768,-1.1371083696701525,1.3284205705352015,-2.869382334446162,13.666666666666666,11.918604651162791,5,3,73.43
SP500,4h,2,AlgorithmA,2,True,,0.6666666666666666,27,16.956071358525012,3.4798998408185726,1.972181216163791,9.300606059785578,2.656841141070403,False,5.909310570073545,0.6280026429083335,1.5105581491975768,-1.1371083696701525,1.3284205705352015,-2.869382334446162,13.666666666666666,11.918604651162791,5,3,73.43
SP500,4h,2,AlgorithmA,3,True,,0.6666666666666666,27,16.956071358525012,3.4798998408185726,1.972181216163791,9.300606059785578,2.656841141070403,False,5.909310570073545,0.6280026429083335,1.5105581491975768,-1.1371083696701525,1.3284205705352015,-2.869382334446162,13.666666666666666,11.918604651162791,5,3,73.43
SP500,4h,2,AlgorithmB,0,True,,0.4666666666666667,15,11.638931772358113,4.714374599772423,0.9043577713665507,5.85268729060575,2.010390351477401,False,3.2247965034554804,0.7759287848238742,3.308310651909165,-1.4399053488757552,2.29758897311703,-3.609198831581031,23.933333333333334,11.595607235142118,3,3,57.44
SP500,4h,2,AlgorithmB,1,True,,0.4666666666666667,15,11.638931772358113,4.714374599772423,0.9043577713665507,5.85268729060575,2.010390351477401,False,3.2247965034554804,0.7759287848238742,3.308310651909165,-1.4399053488757552,2.29758897311703,-3.609198831581031,23.933333333333334,11.595607235142118,3,3,57.44
SP500,4h,2,AlgorithmB,2,True,,0.4666666666666667,15,11.638931772358113,4.714374599772423,0.9043577713665507,5.85268729060575,2.010390351477401,False,3.2247965034554804,0.7759287848238742,3.308310651909165,-1.4399053488757552,2.29758897311703,-3.609198831581031,23.933333333333334,11.595607235142118,3,3,57.44
SP500,4h,2,AlgorithmB,3,True,,0.4666666666666667,15,11.638931772358113,4.714374599772423,0.9043577713665507,5.85268729060575,2.010390351477401,False,3.2247965034554804,0.7759287848238742,3.308310651909165,-1.4399053488757552,2.29758897311703,-3.609198831581031,23.933333333333334,11.595607235142118,3,3,57.44
SP500,4h,2,AlgorithmC,0,True,,0.36363636363636365,22,0.6090682092505776,0.06732945194509954,1.095218513881363,2.4340860743677974,1.228136788230182,False,0.4978991098818098,0.027684918602298977,0.40985228649718475,-0.1906964344804929,2.149239379402818,-1.2232763569212985,1.1818181818181819,0.8397932816537468,3,5,54.06
SP500,4h,2,AlgorithmC,1,True,,0.5217391304347826,46,-2.425388707997386,-0.1353550114955392,-0.201187624141102,-0.5792527089539254,0.9027309022617332,False,-0.3832768973027985,-0.05272584147820397,0.9378935120952484,-1.1334014999219701,0.8275033270732555,-6.328032618363812,13.608695652173912,20.219638242894057,4,3,44.56
SP500,4h,2,AlgorithmC,2,True,,0.3384615384615385,130,-15.982546705238978,-0.26609270883257585,-5.004926230563169,-6.626617784180123,0.3978914788388997,False,-1.049992646545515,-0.12294266696337676,0.24003975275148945,-0.30865460263144784,0.7776969813669403,-15.221579653744907,1.0923076923076922,4.58656330749354,3,10,30.06
SP500,4h,2,AlgorithmC,3,False,"insufficient_trades (n=6, min=10)",0.8333333333333334,6,1.3647952206028529,0.629707836976461,2.6310595960431087,13488321542.587278,2.676946248557863,False,1.676946248557867,0.2274658701004756,0.43573053685941626,-0.8138574636942282,0.5353892497115726,-0.8138574636942261,7.166666666666667,1.3888888888888888,4,1,0.0
USOIL,3h,1,AlgorithmA,0,False,"insufficient_trades (n=4, min=10)",0.75,4,6.840753317768668,27.41139127522478,0.0,0.0,3.3416349330067763,False,2.3416349330067745,1.710188329442167,3.254037016690343,-2.9213577323023614,1.1138783110022588,-2.9213577323023636,19.5,3.969465648854962,3,1,0.0
USOIL,3h,1,AlgorithmA,1,True,,0.7857142857142857,14,31.801825497601754,177.9373808422852,2.9467852273771267,31.39316654440126,6.262902089253303,False,13.905515875334867,2.271558964114411,3.4404060029870043,-2.014213511751763,1.7080642061599918,-2.2869935774199326,16.214285714285715,11.552162849872774,6,1,85.09
USOIL,3h,1,AlgorithmA,2,True,,0.7857142857142857,14,31.801825497601754,177.9373808422852,2.9467852273771267,31.39316654440126,6.262902089253303,False,13.905515875334867,2.271558964114411,3.4404060029870043,-2.014213511751763,1.7080642061599918,-2.2869935774199326,16.214285714285715,11.552162849872774,6,1,85.09
USOIL,3h,1,AlgorithmA,3,True,,0.7857142857142857,14,31.801825497601754,177.9373808422852,2.9467852273771267,31.39316654440126,6.262902089253303,False,13.905515875334867,2.271558964114411,3.4404060029870043,-2.014213511751763,1.7080642061599918,-2.2869935774199326,16.214285714285715,11.552162849872774,6,1,85.09
USOIL,3h,1,AlgorithmB,0,True,,0.5454545454545454,11,36.41012378963183,832.8381224290152,0.7142517416208185,2.5266397427984284,2.4005556949209916,False,3.9263558424134652,3.3100112536028936,10.401172707488517,-5.199382491059852,2.000463079100826,-9.273261327035284,66.72727272727273,37.353689567430024,2,1,55.43
USOIL,3h,1,AlgorithmB,1,True,,0.5454545454545454,11,36.41012378963183,832.8381224290152,0.7142517416208185,2.5266397427984284,2.4005556949209916,False,3.9263558424134652,3.3100112536028936,10.401172707488517,-5.199382491059852,2.000463079100826,-9.273261327035284,66.72727272727273,37.353689567430024,2,1,55.43
USOIL,3h,1,AlgorithmB,2,True,,0.5454545454545454,11,36.41012378963183,832.8381224290152,0.7142517416208185,2.5266397427984284,2.4005556949209916,False,3.9263558424134652,3.3100112536028936,10.401172707488517,-5.199382491059852,2.000463079100826,-9.273261327035284,66.72727272727273,37.353689567430024,2,1,55.43
USOIL,3h,1,AlgorithmB,3,True,,0.5454545454545454,11,36.41012378963183,832.8381224290152,0.7142517416208185,2.5266397427984284,2.4005556949209916,False,3.9263558424134652,3.3100112536028936,10.401172707488517,-5.199382491059852,2.000463079100826,-9.273261327035284,66.72727272727273,37.353689567430024,2,1,55.43
USOIL,3h,1,AlgorithmC,0,True,,0.8,10,19.00001215773961,66.35324035295979,2.9208369751892582,5.650037420943983,3.7070837463898094,False,4.06964230642397,1.900001215773961,3.252329944774405,-3.5093137002278167,0.9267709365974524,-4.668717967608089,10.6,5.39440203562341,4,1,83.28
USOIL,3h,1,AlgorithmC,1,True,,0.8,10,19.00001215773961,66.35324035295979,2.9208369751892582,5.650037420943983,3.7070837463898094,False,4.06964230642397,1.900001215773961,3.252329944774405,-3.5093137002278167,0.9267709365974524,-4.668717967608089,10.6,5.39440203562341,4,1,83.28
USOIL,3h,1,AlgorithmC,2,True,,0.8,10,19.00001215773961,66.35324035295979,2.9208369751892582,5.650037420943983,3.7070837463898094,False,4.06964230642397,1.900001215773961,3.252329944774405,-3.5093137002278167,0.9267709365974524,-4.668717967608089,10.6,5.39440203562341,4,1,83.28
USOIL,3h,1,AlgorithmC,3,False,"insufficient_trades (n=1, min=10) div_by_zero_guard",1.0,1,2.52547979980341,22.16370940172071,0.0,0.0,inf (no losses),True,0.0,2.52547979980341,2.52547979980341,0.0,0.0,0.0,6.0,0.3053435114503817,1,0,0.0
USOIL,3h,2,AlgorithmA,0,True,,0.7,10,44.41606956727103,13873.089654554924,2.2327975181020547,58.68012950355146,12.784490508252908,False,19.2868060035174,4.441606956727102,6.883585304636634,-1.25634252172847,5.479067360679817,-2.302925096004529,21.0,5.336721728081321,3,2,78.26
USOIL,3h,2,AlgorithmA,1,True,,0.7,10,44.41606956727103,13873.089654554924,2.2327975181020547,58.68012950355146,12.784490508252908,False,19.2868060035174,4.441606956727102,6.883585304636634,-1.25634252172847,5.479067360679817,-2.302925096004529,21.0,5.336721728081321,3,2,78.26
USOIL,3h,2,AlgorithmA,2,True,,0.7,10,44.41606956727103,13873.089654554924,2.2327975181020547,58.68012950355146,12.784490508252908,False,19.2868060035174,4.441606956727102,6.883585304636634,-1.25634252172847,5.479067360679817,-2.302925096004529,21.0,5.336721728081321,3,2,78.26
USOIL,3h,2,AlgorithmA,3,True,,0.7,10,44.41606956727103,13873.089654554924,2.2327975181020547,58.68012950355146,12.784490508252908,False,19.2868060035174,4.441606956727102,6.883585304636634,-1.25634252172847,5.479067360679817,-2.302925096004529,21.0,5.336721728081321,3,2,78.26
USOIL,3h,2,AlgorithmB,0,True,,0.46153846153846156,26,27.55940948091515,8.658494366579479,0.6630022919888104,2.1762953242598573,1.6493385566990642,False,2.376094949272628,1.0599772877275062,5.833474205890657,-3.031591499269481,1.9242283161489082,-11.5986145626679,24.884615384615383,16.442185514612454,2,3,47.13
USOIL,3h,2,AlgorithmB,1,True,,0.46153846153846156,26,27.55940948091515,8.658494366579479,0.6630022919888104,2.1762953242598573,1.6493385566990642,False,2.376094949272628,1.0599772877275062,5.833474205890657,-3.031591499269481,1.9242283161489082,-11.5986145626679,24.884615384615383,16.442185514612454,2,3,47.13
USOIL,3h,2,AlgorithmB,2,True,,0.46153846153846156,26,27.55940948091515,8.658494366579479,0.6630022919888104,2.1762953242598573,1.6493385566990642,False,2.376094949272628,1.0599772877275062,5.833474205890657,-3.031591499269481,1.9242283161489082,-11.5986145626679,24.884615384615383,16.442185514612454,2,3,47.13
USOIL,3h,2,AlgorithmB,3,True,,0.46153846153846156,26,27.55940948091515,8.658494366579479,0.6630022919888104,2.1762953242598573,1.6493385566990642,False,2.376094949272628,1.0599772877275062,5.833474205890657,-3.031591499269481,1.9242283161489082,-11.5986145626679,24.884615384615383,16.442185514612454,2,3,47.13
USOIL,3h,2,AlgorithmC,0,True,,0.8064516129032258,31,14.956341497811803,2.1261880089515146,2.1171614699364443,3.5693959945306935,1.9422348565646352,False,3.2532417617791873,0.4824626289616708,1.2331841719227048,-2.6455438000426366,0.4661363655755124,-4.597365518150802,4.419354838709677,3.4815756035578147,8,1,72.5
USOIL,3h,2,AlgorithmC,1,True,,0.8064516129032258,31,14.956341497811803,2.1261880089515146,2.1171614699364443,3.5693959945306935,1.9422348565646352,False,3.2532417617791873,0.4824626289616708,1.2331841719227048,-2.6455438000426366,0.4661363655755124,-4.597365518150802,4.419354838709677,3.4815756035578147,8,1,72.5
USOIL,3h,2,AlgorithmC,2,True,,0.8064516129032258,31,14.956341497811803,2.1261880089515146,2.1171614699364443,3.5693959945306935,1.9422348565646352,False,3.2532417617791873,0.4824626289616708,1.2331841719227048,-2.6455438000426366,0.4661363655755124,-4.597365518150802,4.419354838709677,3.4815756035578147,8,1,72.5
USOIL,3h,2,AlgorithmC,3,False,"insufficient_trades (n=2, min=10) div_by_zero_guard",1.0,2,4.266455572301022,33.63598541730781,0.0,0.0,inf (no losses),True,0.0,2.133227786150511,2.133227786150511,0.0,0.0,0.0,7.0,0.35578144853875476,2,0,0.0
USOIL,4h,1,AlgorithmA,0,False,"insufficient_trades (n=4, min=10)",0.25,4,-19.812778328828678,-0.9999745586254378,0.0,0.0,0.13821084286231916,False,-1.039809873975232,-4.9531945822071695,3.1775066669053262,-7.6634283319113345,0.4146325285869575,-19.054231763623946,28.5,7.475409836065573,1,2,0.0
USOIL,4h,1,AlgorithmA,1,True,,0.6666666666666666,21,59.18849226268579,437.22207366577715,1.2777151512672593,2.6960475843332965,2.4581431143236334,False,5.765413217815044,2.818499631556465,7.127155826451168,-5.798812758232939,1.2290715571618167,-10.266131849802925,22.333333333333332,30.754098360655735,4,1,61.57
USOIL,4h,1,AlgorithmA,2,True,,0.6666666666666666,21,59.18849226268579,437.22207366577715,1.2777151512672593,2.6960475843332965,2.4581431143236334,False,5.765413217815044,2.818499631556465,7.127155826451168,-5.798812758232939,1.2290715571618167,-10.266131849802925,22.333333333333332,30.754098360655735,4,1,61.57
USOIL,4h,1,AlgorithmA,3,True,,0.6666666666666666,21,59.18849226268579,437.22207366577715,1.2777151512672593,2.6960475843332965,2.4581431143236334,False,5.765413217815044,2.818499631556465,7.127155826451168,-5.798812758232939,1.2290715571618167,-10.266131849802925,22.333333333333332,30.754098360655735,4,1,61.57
USOIL,4h,1,AlgorithmB,0,False,"insufficient_trades (n=3, min=10)",0.6666666666666666,3,13.736718451016642,2885.846609824064,0.0,0.0,5.820286225051525,False,4.820286225051527,4.578906150338882,8.293245405464349,-2.849772359912053,2.9101431125257626,-2.849772359912051,6.666666666666667,1.3114754098360655,2,1,0.0
USOIL,4h,1,AlgorithmB,1,True,,0.3157894736842105,19,-5.228366192138994,-0.600613331037249,-0.23409547297967442,-0.7776192588776335,0.8696340655993551,False,-0.29379573974393164,-0.2751771680073156,5.812823941847133,-3.0850238340939837,1.884207142131936,-17.795922421121446,14.894736842105264,18.557377049180328,2,4,29.89
USOIL,4h,1,AlgorithmB,2,True,,0.2727272727272727,55,-24.52142167397071,-0.7067009324930926,-0.9768119763757172,-2.6456675467609445,0.7119668718795903,False,-0.9812192151820542,-0.44584403043583154,4.040840717914218,-2.1283508110671,1.8985783250122406,-24.990767908495386,5.218181818181818,18.81967213114754,3,7,22.02
USOIL,4h,1,AlgorithmB,3,True,,0.42857142857142855,14,2.647258013484338,-0.09718132519594336,0.09865468987251003,0.24245324854401537,1.0638741758844,False,0.14796463172570357,0.18908985810602408,7.348690866206705,-5.180610897969487,1.4184989011791997,-17.891154004909886,18.285714285714285,16.78688524590164,2,4,34.21
USOIL,4h,1,AlgorithmC,0,True,,0.875,16,27.64441495330919,54.60757106087321,5.927065663114394,131.96548402848083,5.963861052373653,False,8.654345592999988,1.7277759345818247,2.3723964631014556,-2.7845677650555913,0.8519801503390932,-3.1942813764762525,5.25,5.508196721311476,10,1,86.84
USOIL,4h,1,AlgorithmC,1,True,,0.875,16,27.64441495330919,54.60757106087321,5.927065663114394,131.96548402848083,5.963861052373653,False,8.654345592999988,1.7277759345818247,2.3723964631014556,-2.7845677650555913,0.8519801503390932,-3.1942813764762525,5.25,5.508196721311476,10,1,86.84
USOIL,4h,1,AlgorithmC,2,True,,0.875,16,27.64441495330919,54.60757106087321,5.927065663114394,131.96548402848083,5.963861052373653,False,8.654345592999988,1.7277759345818247,2.3723964631014556,-2.7845677650555913,0.8519801503390932,-3.1942813764762525,5.25,5.508196721311476,10,1,86.84
USOIL,4h,1,AlgorithmC,3,False,"insufficient_trades (n=1, min=10) div_by_zero_guard",1.0,1,1.6849116465779288,7.209580519577674,0.0,0.0,inf (no losses),True,0.0,1.6849116465779288,1.6849116465779288,0.0,0.0,0.0,9.0,0.5901639344262295,1,0,0.0
USOIL,4h,2,AlgorithmA,0,True,,0.6666666666666666,12,45.841671180806266,4547.321430486884,3.0891654674384426,52.599606160347925,8.003287863544715,False,15.230467280705748,3.820139265067188,6.548425856442231,-1.636433917682897,4.0016439317723576,-3.009866364302518,12.416666666666666,4.867690297288467,3,2,81.99
USOIL,4h,2,AlgorithmA,1,True,,0.6666666666666666,12,45.841671180806266,4547.321430486884,3.0891654674384426,52.599606160347925,8.003287863544715,False,15.230467280705748,3.820139265067188,6.548425856442231,-1.636433917682897,4.0016439317723576,-3.009866364302518,12.416666666666666,4.867690297288467,3,2,81.99
USOIL,4h,2,AlgorithmA,2,True,,0.6666666666666666,12,45.841671180806266,4547.321430486884,3.0891654674384426,52.599606160347925,8.003287863544715,False,15.230467280705748,3.820139265067188,6.548425856442231,-1.636433917682897,4.0016439317723576,-3.009866364302518,12.416666666666666,4.867690297288467,3,2,81.99
USOIL,4h,2,AlgorithmA,3,True,,0.6666666666666666,12,45.841671180806266,4547.321430486884,3.0891654674384426,52.599606160347925,8.003287863544715,False,15.230467280705748,3.820139265067188,6.548425856442231,-1.636433917682897,4.0016439317723576,-3.009866364302518,12.416666666666666,4.867690297288467,3,2,81.99
USOIL,4h,2,AlgorithmB,0,True,,0.5333333333333333,15,39.887067805286996,314.79907287986396,0.9423087208116276,4.816736993445666,2.835633508654789,False,4.36223789590519,2.6591378536857997,7.702048468374857,-3.104188563101693,2.4811793200729406,-9.14371677040557,46.333333333333336,22.70499836654688,3,3,59.09
USOIL,4h,2,AlgorithmB,1,True,,0.5333333333333333,15,39.887067805286996,314.79907287986396,0.9423087208116276,4.816736993445666,2.835633508654789,False,4.36223789590519,2.6591378536857997,7.702048468374857,-3.104188563101693,2.4811793200729406,-9.14371677040557,46.333333333333336,22.70499836654688,3,3,59.09
USOIL,4h,2,AlgorithmB,2,True,,0.5333333333333333,15,39.887067805286996,314.79907287986396,0.9423087208116276,4.816736993445666,2.835633508654789,False,4.36223789590519,2.6591378536857997,7.702048468374857,-3.104188563101693,2.4811793200729406,-9.14371677040557,46.333333333333336,22.70499836654688,3,3,59.09
USOIL,4h,2,AlgorithmB,3,True,,0.5333333333333333,15,39.887067805286996,314.79907287986396,0.9423087208116276,4.816736993445666,2.835633508654789,False,4.36223789590519,2.6591378536857997,7.702048468374857,-3.104188563101693,2.4811793200729406,-9.14371677040557,46.333333333333336,22.70499836654688,3,3,59.09
USOIL,4h,2,AlgorithmC,0,True,,0.8620689655172413,29,34.28070228424893,15.836033507848917,4.6869177461321865,17.5860173184364,4.179897872475634,False,9.120427117016188,1.1820931822154805,1.8024457424898095,-2.6951103194990744,0.6687836595961015,-3.758672904725114,4.758620689655173,4.508330610911466,9,1,86.06
USOIL,4h,2,AlgorithmC,1,True,,0.8620689655172413,29,34.28070228424893,15.836033507848917,4.6869177461321865,17.5860173184364,4.179897872475634,False,9.120427117016188,1.1820931822154805,1.8024457424898095,-2.6951103194990744,0.6687836595961015,-3.758672904725114,4.758620689655173,4.508330610911466,9,1,86.06
USOIL,4h,2,AlgorithmC,2,True,,0.8620689655172413,29,34.28070228424893,15.836033507848917,4.6869177461321865,17.5860173184364,4.179897872475634,False,9.120427117016188,1.1820931822154805,1.8024457424898095,-2.6951103194990744,0.6687836595961015,-3.758672904725114,4.758620689655173,4.508330610911466,9,1,86.06
USOIL,4h,2,AlgorithmC,3,False,"insufficient_trades (n=2, min=10) div_by_zero_guard",1.0,2,3.848530993657384,23.57163261739347,0.0,0.0,inf (no losses),True,0.0,1.924265496828692,1.924265496828692,0.0,0.0,0.0,5.0,0.3266906239790918,2,0,0.0
EURUSD,3h,1,AlgorithmA,0,False,"insufficient_trades (n=2, min=10)",0.5,2,0.4792642320549569,0.48822002601958703,0.0,0.0,1.9669781028333402,False,0.9669781028333543,0.23963211602747844,0.9748951368817218,-0.4956309048267649,1.9669781028333402,-0.49563090482675765,14.5,1.3989387361312107,1,1,0.0
EURUSD,3h,1,AlgorithmA,1,True,,0.6923076923076923,13,4.810926930727708,1.3600063428800278,1.276876394876227,6.810578663403968,2.8312710933059955,False,5.750433917104936,0.3700713023636697,0.8264471116244436,-0.6567742684730714,1.258342708135998,-0.8366198099272786,39.92307692307692,25.03617945007236,3,1,72.03
EURUSD,3h,1,AlgorithmA,2,True,,0.6923076923076923,13,4.810926930727708,1.3600063428800278,1.276876394876227,6.810578663403968,2.8312710933059955,False,5.750433917104936,0.3700713023636697,0.8264471116244436,-0.6567742684730714,1.258342708135998,-0.8366198099272786,39.92307692307692,25.03617945007236,3,1,72.03
EURUSD,3h,1,AlgorithmA,3,True,,0.6923076923076923,13,4.810926930727708,1.3600063428800278,1.276876394876227,6.810578663403968,2.8312710933059955,False,5.750433917104936,0.3700713023636697,0.8264471116244436,-0.6567742684730714,1.258342708135998,-0.8366198099272786,39.92307692307692,25.03617945007236,3,1,72.03
EURUSD,3h,1,AlgorithmB,0,True,,0.7,10,4.8332751915006344,1.9944013662376459,1.2253588354373515,8.304037191315752,3.1693333402016037,False,5.810472353135403,0.48332751915006344,1.0087536323399884,-0.7426667449597613,1.3582857172292588,-0.8318213903715659,51.2,24.698504582730344,4,1,72.78
EURUSD,3h,1,AlgorithmB,1,True,,0.7,10,4.8332751915006344,1.9944013662376459,1.2253588354373515,8.304037191315752,3.1693333402016037,False,5.810472353135403,0.48332751915006344,1.0087536323399884,-0.7426667449597613,1.3582857172292588,-0.8318213903715659,51.2,24.698504582730344,4,1,72.78
EURUSD,3h,1,AlgorithmB,2,True,,0.7,10,4.8332751915006344,1.9944013662376459,1.2253588354373515,8.304037191315752,3.1693333402016037,False,5.810472353135403,0.48332751915006344,1.0087536323399884,-0.7426667449597613,1.3582857172292588,-0.8318213903715659,51.2,24.698504582730344,4,1,72.78
EURUSD,3h,1,AlgorithmB,3,True,,0.7,10,4.8332751915006344,1.9944013662376459,1.2253588354373515,8.304037191315752,3.1693333402016037,False,5.810472353135403,0.48332751915006344,1.0087536323399884,-0.7426667449597613,1.3582857172292588,-0.8318213903715659,51.2,24.698504582730344,4,1,72.78
EURUSD,3h,1,AlgorithmC,0,True,div_by_zero_guard,1.0,11,3.8069701212600915,1.2211818799980585,17.092206501129017,11109825973.199827,inf (no losses),True,0.0,0.3460881928418265,0.3460881928418265,0.0,0.0,0.0,24.454545454545453,12.976362759286058,11,0,92.5
EURUSD,3h,1,AlgorithmC,1,True,div_by_zero_guard,1.0,11,3.8069701212600915,1.2211818799980585,17.092206501129017,11109825973.199827,inf (no losses),True,0.0,0.3460881928418265,0.3460881928418265,0.0,0.0,0.0,24.454545454545453,12.976362759286058,11,0,92.5
EURUSD,3h,1,AlgorithmC,2,True,div_by_zero_guard,1.0,11,3.8069701212600915,1.2211818799980585,17.092206501129017,11109825973.199827,inf (no losses),True,0.0,0.3460881928418265,0.3460881928418265,0.0,0.0,0.0,24.454545454545453,12.976362759286058,11,0,92.5
EURUSD,3h,1,AlgorithmC,3,False,zero_trades,0.0,0,0.0,0.0,0.0,0.0,0.0,False,0.0,0.0,0.0,0.0,0.0,0.0,0.0,0.0,0,0,0.0
EURUSD,3h,2,AlgorithmA,0,True,,0.7307692307692307,26,2.070865244428299,0.2110299372520288,1.2137262893946443,7.35048925597208,1.582894963303792,False,1.1142091685857294,0.07964866324724224,0.2959784100730294,-0.507532078137037,0.5831718285856077,-1.8585964851257304,7.3076923076923075,4.579416726922149,7,2,65.02
EURUSD,3h,2,AlgorithmA,1,True,,0.7307692307692307,26,2.070865244428299,0.2110299372520288,1.2137262893946443,7.35048925597208,1.582894963303792,False,1.1142091685857294,0.07964866324724224,0.2959784100730294,-0.507532078137037,0.5831718285856077,-1.8585964851257304,7.3076923076923075,4.579416726922149,7,2,65.02
EURUSD,3h,2,AlgorithmA,2,True,,0.7307692307692307,26,2.070865244428299,0.2110299372520288,1.2137262893946443,7.35048925597208,1.582894963303792,False,1.1142091685857294,0.07964866324724224,0.2959784100730294,-0.507532078137037,0.5831718285856077,-1.8585964851257304,7.3076923076923075,4.579416726922149,7,2,65.02
EURUSD,3h,2,AlgorithmA,3,True,,0.7307692307692307,26,2.070865244428299,0.2110299372520288,1.2137262893946443,7.35048925597208,1.582894963303792,False,1.1142091685857294,0.07964866324724224,0.2959784100730294,-0.507532078137037,0.5831718285856077,-1.8585964851257304,7.3076923076923075,4.579416726922149,7,2,65.02
EURUSD,3h,2,AlgorithmB,0,True,,0.5769230769230769,26,7.271659818511891,0.9458062410189805,0.6606345423019344,2.945592439942754,1.7792083541229387,False,2.106506088890457,0.2796792237889188,1.1069181371905743,-0.8483738399406111,1.3047527930234886,-3.4520003796153436,43.5,27.259580621836587,4,4,57.36
EURUSD,3h,2,AlgorithmB,1,True,,0.5769230769230769,26,7.271659818511891,0.9458062410189805,0.6606345423019344,2.945592439942754,1.7792083541229387,False,2.106506088890457,0.2796792237889188,1.1069181371905743,-0.8483738399406111,1.3047527930234886,-3.4520003796153436,43.5,27.259580621836587,4,4,57.36
EURUSD,3h,2,AlgorithmB,2,True,,0.5769230769230769,26,7.271659818511891,0.9458062410189805,0.6606345423019344,2.945592439942754,1.7792083541229387,False,2.106506088890457,0.2796792237889188,1.1069181371905743,-0.8483738399406111,1.3047527930234886,-3.4520003796153436,43.5,27.259580621836587,4,4,57.36
EURUSD,3h,2,AlgorithmB,3,True,,0.5769230769230769,26,7.271659818511891,0.9458062410189805,0.6606345423019344,2.945592439942754,1.7792083541229387,False,2.106506088890457,0.2796792237889188,1.1069181371905743,-0.8483738399406111,1.3047527930234886,-3.4520003796153436,43.5,27.259580621836587,4,4,57.36
EURUSD,3h,2,AlgorithmC,0,True,,0.75,24,1.8595339063290177,0.20424513362492736,1.1266711859470164,3.1803265738040434,1.6054322655655804,False,1.8692994778632546,0.0774805794303757,0.27394162099160674,-0.5119025452533174,0.53514408852186,-0.9947758121960214,9.125,5.278380332610268,6,1,65.74
EURUSD,3h,2,AlgorithmC,1,True,,0.6415094339622641,53,2.3415353507686754,0.11294763050829904,0.5158962959614415,1.8676821406889899,1.2435474141835015,False,1.0503783294481184,0.044179912278654254,0.3516419078383274,-0.5060152376702345,0.6949235549848979,-2.2292304449949447,10.037735849056604,12.82236683538202,9,2,56.11
EURUSD,3h,2,AlgorithmC,2,True,,0.3726235741444867,263,-22.552108280788868,-0.19420798046229804,-4.6693865173410405,-5.696071434880621,0.3207709813046806,False,-1.1111675738375346,-0.08574946114368387,0.10867756849227996,-0.20122733329110484,0.5400735909721663,-20.295866088768932,1.8783269961977187,11.906483489997589,5,10,26.24
EURUSD,3h,2,AlgorithmC,3,False,"insufficient_trades (n=2, min=10) div_by_zero_guard",1.0,2,0.2709173752712791,0.2553521776268566,0.0,0.0,inf (no losses),True,0.0,0.13545868763563956,0.13545868763563956,0.0,0.0,0.0,1.5,0.07230657989877079,2,0,0.0
EURUSD,4h,1,AlgorithmA,0,False,"insufficient_trades (n=2, min=10)",0.0,2,-1.4871283653641214,-0.7146394540522033,0.0,0.0,0.0,False,-1.0036152342099127,-0.7435641826820607,0.0,-0.7435641826820607,0.0,-1.4817714146545913,16.5,2.122186495176849,0,2,0.0
EURUSD,4h,1,AlgorithmA,1,False,"insufficient_trades (n=5, min=10)",0.6,5,0.4565285504848998,0.20883587826070849,1.1075679167975152,133.2437939644552,1.5167415414559975,False,0.5178853409593763,0.09130571009697999,0.4466680547429937,-0.44173780687204056,1.0111610276373317,-0.8815243730189122,7.2,2.315112540192926,2,2,0.0
EURUSD,4h,1,AlgorithmA,2,False,"insufficient_trades (n=8, min=10)",0.375,8,-1.2513699869239592,-0.29687151403105316,-2.689962038946708,-6.860233850168251,0.4205276398339298,False,-0.584367977615043,-0.15642124836549492,0.3027096736816087,-0.43189980159375707,0.7008793997232164,-2.1414075289188914,5.375,2.765273311897106,3,5,0.0
EURUSD,4h,1,AlgorithmA,3,False,"insufficient_trades (n=3, min=10)",0.3333333333333333,3,-0.8164615647699767,-0.4041092012578572,0.0,0.0,0.36108138303339743,False,-0.6409067709549431,-0.2721538549233256,0.46141881480997005,-0.6389401897899734,0.7221627660667949,-1.2739162726482967,13.0,2.508038585209003,1,2,0.0
EURUSD,4h,1,AlgorithmB,0,False,"insufficient_trades (n=3, min=10)",0.0,3,-2.1746594687155945,-0.747186049436118,0.0,0.0,0.0,False,-1.0072287831519673,-0.7248864895718649,0.0,-0.7248864895718649,0.0,-2.1590521489172825,9.0,1.7363344051446947,0,3,0.0
EURUSD,4h,1,AlgorithmB,1,True,,0.7857142857142857,14,3.6012208678467945,0.822222151415954,1.510041928038617,4.7075009186368435,2.4108983488006905,False,3.3514302176518114,0.2572300619890566,0.559422908966189,-0.8508103769270949,0.6575177314910974,-1.0745325529618217,19.142857142857142,17.234726688102896,5,1,73.39
EURUSD,4h,1,AlgorithmB,2,True,,0.7857142857142857,14,3.6012208678467945,0.822222151415954,1.510041928038617,4.7075009186368435,2.4108983488006905,False,3.3514302176518114,0.2572300619890566,0.559422908966189,-0.8508103769270949,0.6575177314910974,-1.0745325529618217,19.142857142857142,17.234726688102896,5,1,73.39
EURUSD,4h,1,AlgorithmB,3,True,,0.7857142857142857,14,3.6012208678467945,0.822222151415954,1.510041928038617,4.7075009186368435,2.4108983488006905,False,3.3514302176518114,0.2572300619890566,0.559422908966189,-0.8508103769270949,0.6575177314910974,-1.0745325529618217,19.142857142857142,17.234726688102896,5,1,73.39
EURUSD,4h,1,AlgorithmC,0,True,,0.7222222222222222,18,4.847816131161632,0.8920489213904825,1.506080043852357,7.2514861011507366,2.390818003031227,False,3.927896429592745,0.2693231183978685,0.6410309536991894,-0.6971172533855657,0.9195453857812413,-1.234201618616575,20.38888888888889,23.60128617363344,6,2,71.6
EURUSD,4h,1,AlgorithmC,1,True,,0.7222222222222222,18,4.847816131161632,0.8920489213904825,1.506080043852357,7.2514861011507366,2.390818003031227,False,3.927896429592745,0.2693231183978685,0.6410309536991894,-0.6971172533855657,0.9195453857812413,-1.234201618616575,20.38888888888889,23.60128617363344,6,2,71.6
EURUSD,4h,1,AlgorithmC,2,True,,0.7222222222222222,18,4.847816131161632,0.8920489213904825,1.506080043852357,7.2514861011507366,2.390818003031227,False,3.927896429592745,0.2693231183978685,0.6410309536991894,-0.6971172533855657,0.9195453857812413,-1.234201618616575,20.38888888888889,23.60128617363344,6,2,71.6
EURUSD,4h,1,AlgorithmC,3,False,"insufficient_trades (n=1, min=10) div_by_zero_guard",1.0,1,0.22056363463287842,0.3199635798022138,0.0,0.0,inf (no losses),True,0.0,0.22056363463287842,0.22056363463287842,0.0,0.0,0.0,5.0,0.3215434083601286,1,0,0.0
EURUSD,4h,2,AlgorithmA,0,False,"insufficient_trades (n=3, min=10)",0.3333333333333333,3,-0.4263894910231222,-0.24100135565008785,0.0,0.0,0.7132799689966769,False,-0.2877565910680742,-0.14212983034104076,1.0607388743409993,-0.7435641826820607,1.4265599379933538,-1.4817714146545882,20.666666666666668,1.9916479280436876,1,2,0.0
EURUSD,4h,2,AlgorithmA,1,True,,0.6666666666666666,12,5.059235691311729,1.6476510574664385,2.3431517992798923,19.375278712914586,3.9866532301199973,False,10.248179421157852,0.4216029742759773,0.8441479792205369,-0.4234870356131417,1.9933266150599986,-0.4936716545835153,17.333333333333332,6.6816575650497905,2,1,79.71
EURUSD,4h,2,AlgorithmA,2,True,,0.6666666666666666,12,5.059235691311729,1.6476510574664385,2.3431517992798923,19.375278712914586,3.9866532301199973,False,10.248179421157852,0.4216029742759773,0.8441479792205369,-0.4234870356131417,1.9933266150599986,-0.4936716545835153,17.333333333333332,6.6816575650497905,2,1,79.71
EURUSD,4h,2,AlgorithmA,3,True,,0.6666666666666666,12,5.059235691311729,1.6476510574664385,2.3431517992798923,19.375278712914586,3.9866532301199973,False,10.248179421157852,0.4216029742759773,0.8441479792205369,-0.4234870356131417,1.9933266150599986,-0.4936716545835153,17.333333333333332,6.6816575650497905,2,1,79.71
EURUSD,4h,2,AlgorithmB,0,True,,0.5769230769230769,26,5.321827836677224,0.6293657254561145,0.7988457139744269,4.804560057169165,1.6746717587450166,False,2.664484544704717,0.20468568602604703,0.8806568693063009,-0.7170932002652081,1.228092623079679,-1.997319837059516,24.03846153846154,20.077096048827496,5,2,58.94
EURUSD,4h,2,AlgorithmB,1,True,,0.5769230769230769,26,5.321827836677224,0.6293657254561145,0.7988457139744269,4.804560057169165,1.6746717587450166,False,2.664484544704717,0.20468568602604703,0.8806568693063009,-0.7170932002652081,1.228092623079679,-1.997319837059516,24.03846153846154,20.077096048827496,5,2,58.94
EURUSD,4h,2,AlgorithmB,2,True,,0.5769230769230769,26,5.321827836677224,0.6293657254561145,0.7988457139744269,4.804560057169165,1.6746717587450166,False,2.664484544704717,0.20468568602604703,0.8806568693063009,-0.7170932002652081,1.228092623079679,-1.997319837059516,24.03846153846154,20.077096048827496,5,2,58.94
EURUSD,4h,2,AlgorithmB,3,True,,0.5769230769230769,26,5.321827836677224,0.6293657254561145,0.7988457139744269,4.804560057169165,1.6746717587450166,False,2.664484544704717,0.20468568602604703,0.8806568693063009,-0.7170932002652081,1.228092623079679,-1.997319837059516,24.03846153846154,20.077096048827496,5,2,58.94
EURUSD,4h,2,AlgorithmC,0,True,,0.6363636363636364,33,5.729417965459568,0.5173395628296256,0.7779856895949414,3.5052328824961334,1.5806896075841954,False,1.857090269402161,0.17361872622604746,0.7426663645320569,-0.8222146408094689,0.9032512043338259,-3.0851585729884827,20.303030303030305,21.52264696434308,6,3,58.82
EURUSD,4h,2,AlgorithmC,1,True,,0.6363636363636364,33,5.729417965459568,0.5173395628296256,0.7779856895949414,3.5052328824961334,1.5806896075841954,False,1.857090269402161,0.17361872622604746,0.7426663645320569,-0.8222146408094689,0.9032512043338259,-3.0851585729884827,20.303030303030305,21.52264696434308,6,3,58.82
EURUSD,4h,2,AlgorithmC,2,True,,0.6363636363636364,33,5.729417965459568,0.5173395628296256,0.7779856895949414,3.5052328824961334,1.5806896075841954,False,1.857090269402161,0.17361872622604746,0.7426663645320569,-0.8222146408094689,0.9032512043338259,-3.0851585729884827,20.303030303030305,21.52264696434308,6,3,58.82
EURUSD,4h,2,AlgorithmC,3,False,"insufficient_trades (n=3, min=10)",0.6666666666666666,3,-0.09840280156086248,-0.06147277457829292,0.0,0.0,0.8313528667236699,False,-0.1686471332763296,-0.032800933853620845,0.24254029577016606,-0.5834833931011946,0.41567643336183496,-0.5834833931011963,8.666666666666666,0.8352071956312238,2,1,0.0
